Operation,attributeLabel,administrationName,attributeCode,inputType,dataType,isOption,isProperty,values,SearchableInStorefront,productTypeName,supportedUsageTypes,options,productCode,parentProductCode,productName,UPC,productShortDescription,productFullDescription,localeCode,isActive,price,salePrice,isoCurrencyCode,productUsage,masterCatalogId,catalogId,categoryId,manageStock,outOfStockBehavior,size_1,color,cost,packageWidth,packageLength,packageHeight,packageWeight,heightUnit,widthUnit,lengthUnit,weightUnit,hasConfigurableOptions,hasStandAloneOptions,fulfillmentTypes,rating,seoUrl,metaTitle,metaDescription,publishedState
,SIZE7,SIZE7,size7,List,String,TRUE,FALSE,"S,M,L",TRUE,rainy13,Configurable,tenant~size7,PC_510,,umbrellass,RUBBER,Useful Short Product,UsefulLong Description,en-US,TRUE,100,100,USD,Configurable,2,2,3,TRUE,AllowBackOrder,,,,1,1,1,1,in,in,in,lbs,TRUE,TRUE,DirectShip|InStorePickup|Delivery,4.5,Rubber-elastic,RUBBER,Rubber-elastic,Live
,,,,,,,,,,,,,PC_510-1,PC_510,umbrella2,,,,en-US,TRUE,0,0,USD,Configurable,2,2,3,TRUE,AllowBackOrder,L,red,100,1,1,1,1,in,in,in,lbs,FALSE,FALSE,DirectShip|InStorePickup|Delivery,,,,,
,,,,,,,,,,,,,PC_510-2,PC_510,umbrella3,,,,en-US,TRUE,0,0,USD,Configurable,2,2,3,TRUE,AllowBackOrder,M,red,100,1,1,1,1,in,in,in,lbs,FALSE,FALSE,DirectShip|InStorePickup|Delivery,,,,,
,,,,,,,,,,,,,PC_510-3,PC_510,umbrella4,,,,en-US,TRUE,0,0,USD,Configurable,2,2,3,TRUE,AllowBackOrder,S,red,100,1,1,1,1,in,in,in,lbs,FALSE,FALSE,DirectShip|InStorePickup|Delivery,,,,,
,,,,,,,,,,,,,PC_510-4,PC_510,umbrella5,,,,en-US,TRUE,0,0,USD,Configurable,2,2,3,TRUE,AllowBackOrder,L,black,100,1,1,1,1,in,in,in,lbs,FALSE,FALSE,DirectShip|InStorePickup|Delivery,,,,,
,,,,,,,,,,,,,PC_510-5,PC_510,umbrella6,,,,en-US,TRUE,0,0,USD,Configurable,2,2,3,TRUE,AllowBackOrder,M,black,100,1,1,1,1,in,in,in,lbs,FALSE,FALSE,DirectShip|InStorePickup|Delivery,,,,,
,,,,,,,,,,,,,PC_510-6,PC_510,umbrella7,,,,en-US,TRUE,0,0,USD,Configurable,2,2,3,TRUE,AllowBackOrder,S,black,100,1,1,1,1,in,in,in,lbs,FALSE,FALSE,DirectShip|InStorePickup|Delivery,,,,,
,,,,,,,,,,,,,PC_510-7,PC_510,umbrella8,,,,en-US,TRUE,0,0,USD,Configurable,2,2,3,TRUE,AllowBackOrder,L,white,100,1,1,1,1,in,in,in,lbs,FALSE,FALSE,DirectShip|InStorePickup|Delivery,,,,,
,,,,,,,,,,,,,PC_510-8,PC_510,umbrella9,,,,en-US,TRUE,0,0,USD,Configurable,2,2,3,TRUE,AllowBackOrder,M,white,100,1,1,1,1,in,in,in,lbs,FALSE,FALSE,DirectShip|InStorePickup|Delivery,,,,,
,,,,,,,,,,Electronics,Standard,,PC_010-9,,umbrella10,Pen_Pencil,,,en-US,TRUE,100,100,USD,Standard,2,2,3,TRUE,AllowBackOrder,,,,1,1,1,1,in,in,in,lbs,FALSE,TRUE,DirectShip|InStorePickup|Delivery,4.5,,,,Live
create,SIZE,SIZE,size_1,List,String,TRUE,FALSE,"L,M,S",TRUE,Book2,Configurable,,PC_506,,umbrella11,RUBBER,Useful Short Product,UsefulLong Description,en-US,TRUE,100,100,USD,Configurable,2,2,3,TRUE,AllowBackOrder,,,,1,1,1,1,in,in,in,lbs,TRUE,TRUE,DirectShip|InStorePickup|Delivery,4.5,Rubber-elastic,RUBBER,Rubber-elastic,Live
create,,,,,,,,,,,,,PC_506-1,PC_506,umbrella12,,,,en-US,TRUE,0,0,USD,Configurable,2,2,3,TRUE,AllowBackOrder,L,red,100,1,1,1,1,in,in,in,lbs,FALSE,FALSE,DirectShip|InStorePickup|Delivery,,,,,
create,,,,,,,,,,,,,PC_506-2,PC_506,umbrella13,,,,en-US,TRUE,0,0,USD,Configurable,2,2,3,TRUE,AllowBackOrder,M,red,100,1,1,1,1,in,in,in,lbs,FALSE,FALSE,DirectShip|InStorePickup|Delivery,,,,,
create,,,,,,,,,,,,,PC_506-3,PC_506,umbrella14,,,,en-US,TRUE,0,0,USD,Configurable,2,2,3,TRUE,AllowBackOrder,S,red,100,1,1,1,1,in,in,in,lbs,FALSE,FALSE,DirectShip|InStorePickup|Delivery,,,,,
create,,,,,,,,,,,,,PC_506-4,PC_506,umbrella15,,,,en-US,TRUE,0,0,USD,Configurable,2,2,3,TRUE,AllowBackOrder,L,black,100,1,1,1,1,in,in,in,lbs,FALSE,FALSE,DirectShip|InStorePickup|Delivery,,,,,
create,,,,,,,,,,,,,PC_506-5,PC_506,umbrella16,,,,en-US,TRUE,0,0,USD,Configurable,2,2,3,TRUE,AllowBackOrder,M,black,100,1,1,1,1,in,in,in,lbs,FALSE,FALSE,DirectShip|InStorePickup|Delivery,,,,,
create,,,,,,,,,,,,,PC_506-6,PC_506,umbrella17,,,,en-US,TRUE,0,0,USD,Configurable,2,2,3,TRUE,AllowBackOrder,S,black,100,1,1,1,1,in,in,in,lbs,FALSE,FALSE,DirectShip|InStorePickup|Delivery,,,,,
create,,,,,,,,,,,,,PC_506-7,PC_506,umbrella18,,,,en-US,TRUE,0,0,USD,Configurable,2,2,3,TRUE,AllowBackOrder,L,white,100,1,1,1,1,in,in,in,lbs,FALSE,FALSE,DirectShip|InStorePickup|Delivery,,,,,
create,,,,,,,,,,,,,PC_506-8,PC_506,umbrella19,,,,en-US,TRUE,0,0,USD,Configurable,2,2,3,TRUE,AllowBackOrder,M,white,100,1,1,1,1,in,in,in,lbs,FALSE,FALSE,DirectShip|InStorePickup|Delivery,,,,,
,SIZE,SIZE,size_1,List,String,TRUE,FALSE,"L,M,S",TRUE,Book3,Configurable,,PC_503,,umbrella20,RUBBER,Useful Short Product,UsefulLong Description,en-US,TRUE,100,100,USD,Configurable,2,2,3,TRUE,AllowBackOrder,,,,1,1,1,1,in,in,in,lbs,TRUE,TRUE,DirectShip|InStorePickup|Delivery,4.5,Rubber-elastic,RUBBER,Rubber-elastic,Live
,,,,,,,,,,,,,PC_503-1,PC_503,umbrella21,,,,en-US,TRUE,0,0,USD,Configurable,2,2,3,TRUE,AllowBackOrder,L,red,100,1,1,1,1,in,in,in,lbs,FALSE,FALSE,DirectShip|InStorePickup|Delivery,,,,,
,,,,,,,,,,,,,PC_503-2,PC_503,umbrella22,,,,en-US,TRUE,0,0,USD,Configurable,2,2,3,TRUE,AllowBackOrder,M,red,100,1,1,1,1,in,in,in,lbs,FALSE,FALSE,DirectShip|InStorePickup|Delivery,,,,,
,,,,,,,,,,,,,PC_503-3,PC_503,umbrella23,,,,en-US,TRUE,0,0,USD,Configurable,2,2,3,TRUE,AllowBackOrder,S,red,100,1,1,1,1,in,in,in,lbs,FALSE,FALSE,DirectShip|InStorePickup|Delivery,,,,,
,,,,,,,,,,,,,PC_503-4,PC_503,umbrella24,,,,en-US,TRUE,0,0,USD,Configurable,2,2,3,TRUE,AllowBackOrder,L,black,100,1,1,1,1,in,in,in,lbs,FALSE,FALSE,DirectShip|InStorePickup|Delivery,,,,,
,,,,,,,,,,,,,PC_503-5,PC_503,umbrella25,,,,en-US,TRUE,0,0,USD,Configurable,2,2,3,TRUE,AllowBackOrder,M,black,100,1,1,1,1,in,in,in,lbs,FALSE,FALSE,DirectShip|InStorePickup|Delivery,,,,,
,,,,,,,,,,,,,PC_503-6,PC_503,umbrella26,,,,en-US,TRUE,0,0,USD,Configurable,2,2,3,TRUE,AllowBackOrder,S,black,100,1,1,1,1,in,in,in,lbs,FALSE,FALSE,DirectShip|InStorePickup|Delivery,,,,,
,,,,,,,,,,,,,PC_503-7,PC_503,umbrella27,,,,en-US,TRUE,0,0,USD,Configurable,2,2,3,TRUE,AllowBackOrder,L,white,100,1,1,1,1,in,in,in,lbs,FALSE,FALSE,DirectShip|InStorePickup|Delivery,,,,,
,,,,,,,,,,,,,PC_503-8,PC_503,umbrella28,,,,en-US,TRUE,0,0,USD,Configurable,2,2,3,TRUE,AllowBackOrder,M,white,100,1,1,1,1,in,in,in,lbs,FALSE,FALSE,DirectShip|InStorePickup|Delivery,,,,,
,SIZE,SIZE,size_1,List,String,TRUE,FALSE,"L,M,S",TRUE,Book4,Configurable,,PC_504,,umbrella29,RUBBER,Useful Short Product,UsefulLong Description,en-US,TRUE,100,100,USD,Configurable,2,2,3,TRUE,AllowBackOrder,,,,1,1,1,1,in,in,in,lbs,TRUE,TRUE,DirectShip|InStorePickup|Delivery,4.5,Rubber-elastic,RUBBER,Rubber-elastic,Live
,,,,,,,,,,,,,PC_504-1,PC_504,umbrella30,,,,en-US,TRUE,0,0,USD,Configurable,2,2,3,TRUE,AllowBackOrder,L,red,100,1,1,1,1,in,in,in,lbs,FALSE,FALSE,DirectShip|InStorePickup|Delivery,,,,,
,,,,,,,,,,,,,PC_504-2,PC_504,umbrella31,,,,en-US,TRUE,0,0,USD,Configurable,2,2,3,TRUE,AllowBackOrder,M,red,100,1,1,1,1,in,in,in,lbs,FALSE,FALSE,DirectShip|InStorePickup|Delivery,,,,,
,,,,,,,,,,,,,PC_504-3,PC_504,umbrella32,,,,en-US,TRUE,0,0,USD,Configurable,2,2,3,TRUE,AllowBackOrder,S,red,100,1,1,1,1,in,in,in,lbs,FALSE,FALSE,DirectShip|InStorePickup|Delivery,,,,,
,,,,,,,,,,,,,PC_504-4,PC_504,umbrella33,,,,en-US,TRUE,0,0,USD,Configurable,2,2,3,TRUE,AllowBackOrder,L,black,100,1,1,1,1,in,in,in,lbs,FALSE,FALSE,DirectShip|InStorePickup|Delivery,,,,,
,,,,,,,,,,,,,PC_504-5,PC_504,umbrella34,,,,en-US,TRUE,0,0,USD,Configurable,2,2,3,TRUE,AllowBackOrder,M,black,100,1,1,1,1,in,in,in,lbs,FALSE,FALSE,DirectShip|InStorePickup|Delivery,,,,,
,,,,,,,,,,,,,PC_504-6,PC_504,umbrella35,,,,en-US,TRUE,0,0,USD,Configurable,2,2,3,TRUE,AllowBackOrder,S,black,100,1,1,1,1,in,in,in,lbs,FALSE,FALSE,DirectShip|InStorePickup|Delivery,,,,,
,,,,,,,,,,,,,PC_504-7,PC_504,umbrella36,,,,en-US,TRUE,0,0,USD,Configurable,2,2,3,TRUE,AllowBackOrder,L,white,100,1,1,1,1,in,in,in,lbs,FALSE,FALSE,DirectShip|InStorePickup|Delivery,,,,,
,,,,,,,,,,,,,PC_504-8,PC_504,umbrella37,,,,en-US,TRUE,0,0,USD,Configurable,2,2,3,TRUE,AllowBackOrder,M,white,100,1,1,1,1,in,in,in,lbs,FALSE,FALSE,DirectShip|InStorePickup|Delivery,,,,,
,SIZE,SIZE,size_1,List,String,TRUE,FALSE,"L,M,S",TRUE,Book5,Configurable,,PC_505,,umbrella38,RUBBER,Useful Short Product,UsefulLong Description,en-US,TRUE,100,100,USD,Configurable,2,2,3,TRUE,AllowBackOrder,,,,1,1,1,1,in,in,in,lbs,TRUE,TRUE,DirectShip|InStorePickup|Delivery,4.5,Rubber-elastic,RUBBER,Rubber-elastic,Live
,,,,,,,,,,,,,PC_505-1,PC_505,umbrella39,,,,en-US,TRUE,0,0,USD,Configurable,2,2,3,TRUE,AllowBackOrder,L,red,100,1,1,1,1,in,in,in,lbs,FALSE,FALSE,DirectShip|InStorePickup|Delivery,,,,,
,,,,,,,,,,,,,PC_505-2,PC_505,umbrella40,,,,en-US,TRUE,0,0,USD,Configurable,2,2,3,TRUE,AllowBackOrder,M,red,100,1,1,1,1,in,in,in,lbs,FALSE,FALSE,DirectShip|InStorePickup|Delivery,,,,,
,,,,,,,,,,,,,PC_505-3,PC_505,umbrella41,,,,en-US,TRUE,0,0,USD,Configurable,2,2,3,TRUE,AllowBackOrder,S,red,100,1,1,1,1,in,in,in,lbs,FALSE,FALSE,DirectShip|InStorePickup|Delivery,,,,,
,,,,,,,,,,,,,PC_505-4,PC_505,umbrella42,,,,en-US,TRUE,0,0,USD,Configurable,2,2,3,TRUE,AllowBackOrder,L,black,100,1,1,1,1,in,in,in,lbs,FALSE,FALSE,DirectShip|InStorePickup|Delivery,,,,,
,,,,,,,,,,,,,PC_505-5,PC_505,umbrella43,,,,en-US,TRUE,0,0,USD,Configurable,2,2,3,TRUE,AllowBackOrder,M,black,100,1,1,1,1,in,in,in,lbs,FALSE,FALSE,DirectShip|InStorePickup|Delivery,,,,,
,,,,,,,,,,,,,PC_505-6,PC_505,umbrella44,,,,en-US,TRUE,0,0,USD,Configurable,2,2,3,TRUE,AllowBackOrder,S,black,100,1,1,1,1,in,in,in,lbs,FALSE,FALSE,DirectShip|InStorePickup|Delivery,,,,,
,,,,,,,,,,,,,PC_505-7,PC_505,umbrella45,,,,en-US,TRUE,0,0,USD,Configurable,2,2,3,TRUE,AllowBackOrder,L,white,100,1,1,1,1,in,in,in,lbs,FALSE,FALSE,DirectShip|InStorePickup|Delivery,,,,,
,,,,,,,,,,,,,PC_505-8,PC_505,umbrella46,,,,en-US,TRUE,0,0,USD,Configurable,2,2,3,TRUE,AllowBackOrder,M,white,100,1,1,1,1,in,in,in,lbs,FALSE,FALSE,DirectShip|InStorePickup|Delivery,,,,,
,SIZE,SIZE,size_1,List,String,TRUE,FALSE,"L,M,S",TRUE,Book6,Configurable,,PC_105,,umbrella47,RUBBER,Useful Short Product,UsefulLong Description,en-US,TRUE,100,100,USD,Configurable,2,2,3,TRUE,AllowBackOrder,,,,1,1,1,1,in,in,in,lbs,TRUE,TRUE,DirectShip|InStorePickup|Delivery,4.5,Rubber-elastic,RUBBER,Rubber-elastic,Live
,,,,,,,,,,,,,PC_105-1,PC_105,umbrella48,,,,en-US,TRUE,0,0,USD,Configurable,2,2,3,TRUE,AllowBackOrder,L,red,100,1,1,1,1,in,in,in,lbs,FALSE,FALSE,DirectShip|InStorePickup|Delivery,,,,,
,,,,,,,,,,,,,PC_105-2,PC_105,umbrella49,,,,en-US,TRUE,0,0,USD,Configurable,2,2,3,TRUE,AllowBackOrder,M,red,100,1,1,1,1,in,in,in,lbs,FALSE,FALSE,DirectShip|InStorePickup|Delivery,,,,,
,,,,,,,,,,,,,PC_105-3,PC_105,umbrella50,,,,en-US,TRUE,0,0,USD,Configurable,2,2,3,TRUE,AllowBackOrder,S,red,100,1,1,1,1,in,in,in,lbs,FALSE,FALSE,DirectShip|InStorePickup|Delivery,,,,,
,,,,,,,,,,,,,PC_105-4,PC_105,umbrella51,,,,en-US,TRUE,0,0,USD,Configurable,2,2,3,TRUE,AllowBackOrder,L,black,100,1,1,1,1,in,in,in,lbs,FALSE,FALSE,DirectShip|InStorePickup|Delivery,,,,,
,,,,,,,,,,,,,PC_105-5,PC_105,umbrella52,,,,en-US,TRUE,0,0,USD,Configurable,2,2,3,TRUE,AllowBackOrder,M,black,100,1,1,1,1,in,in,in,lbs,FALSE,FALSE,DirectShip|InStorePickup|Delivery,,,,,
,,,,,,,,,,,,,PC_105-6,PC_105,umbrella53,,,,en-US,TRUE,0,0,USD,Configurable,2,2,3,TRUE,AllowBackOrder,S,black,100,1,1,1,1,in,in,in,lbs,FALSE,FALSE,DirectShip|InStorePickup|Delivery,,,,,
,,,,,,,,,,,,,PC_105-7,PC_105,umbrella54,,,,en-US,TRUE,0,0,USD,Configurable,2,2,3,TRUE,AllowBackOrder,L,white,100,1,1,1,1,in,in,in,lbs,FALSE,FALSE,DirectShip|InStorePickup|Delivery,,,,,
,,,,,,,,,,,,,PC_105-8,PC_105,umbrella55,,,,en-US,TRUE,0,0,USD,Configurable,2,2,3,TRUE,AllowBackOrder,M,white,100,1,1,1,1,in,in,in,lbs,FALSE,FALSE,DirectShip|InStorePickup|Delivery,,,,,
,SIZE,SIZE,size_1,List,String,TRUE,FALSE,"L,M,S",TRUE,Book7,Configurable,,PC_106,,umbrella56,RUBBER,Useful Short Product,UsefulLong Description,en-US,TRUE,100,100,USD,Configurable,2,2,3,TRUE,AllowBackOrder,,,,1,1,1,1,in,in,in,lbs,TRUE,TRUE,DirectShip|InStorePickup|Delivery,4.5,Rubber-elastic,RUBBER,Rubber-elastic,Live
,,,,,,,,,,,,,PC_106-1,PC_106,umbrella57,,,,en-US,TRUE,0,0,USD,Configurable,2,2,3,TRUE,AllowBackOrder,L,red,100,1,1,1,1,in,in,in,lbs,FALSE,FALSE,DirectShip|InStorePickup|Delivery,,,,,
,,,,,,,,,,,,,PC_106-2,PC_106,umbrella58,,,,en-US,TRUE,0,0,USD,Configurable,2,2,3,TRUE,AllowBackOrder,M,red,100,1,1,1,1,in,in,in,lbs,FALSE,FALSE,DirectShip|InStorePickup|Delivery,,,,,
,,,,,,,,,,,,,PC_106-3,PC_106,umbrella59,,,,en-US,TRUE,0,0,USD,Configurable,2,2,3,TRUE,AllowBackOrder,S,red,100,1,1,1,1,in,in,in,lbs,FALSE,FALSE,DirectShip|InStorePickup|Delivery,,,,,
,,,,,,,,,,,,,PC_106-4,PC_106,umbrella60,,,,en-US,TRUE,0,0,USD,Configurable,2,2,3,TRUE,AllowBackOrder,L,black,100,1,1,1,1,in,in,in,lbs,FALSE,FALSE,DirectShip|InStorePickup|Delivery,,,,,
,,,,,,,,,,,,,PC_106-5,PC_106,umbrella61,,,,en-US,TRUE,0,0,USD,Configurable,2,2,3,TRUE,AllowBackOrder,M,black,100,1,1,1,1,in,in,in,lbs,FALSE,FALSE,DirectShip|InStorePickup|Delivery,,,,,
,,,,,,,,,,,,,PC_106-6,PC_106,umbrella62,,,,en-US,TRUE,0,0,USD,Configurable,2,2,3,TRUE,AllowBackOrder,S,black,100,1,1,1,1,in,in,in,lbs,FALSE,FALSE,DirectShip|InStorePickup|Delivery,,,,,
,,,,,,,,,,,,,PC_106-7,PC_106,umbrella63,,,,en-US,TRUE,0,0,USD,Configurable,2,2,3,TRUE,AllowBackOrder,L,white,100,1,1,1,1,in,in,in,lbs,FALSE,FALSE,DirectShip|InStorePickup|Delivery,,,,,
,,,,,,,,,,,,,PC_106-8,PC_106,umbrella64,,,,en-US,TRUE,0,0,USD,Configurable,2,2,3,TRUE,AllowBackOrder,M,white,100,1,1,1,1,in,in,in,lbs,FALSE,FALSE,DirectShip|InStorePickup|Delivery,,,,,
,SIZE,SIZE,size_1,List,String,TRUE,FALSE,"L,M,S",TRUE,Book8,Configurable,,PC_107,,umbrella65,RUBBER,Useful Short Product,UsefulLong Description,en-US,TRUE,100,100,USD,Configurable,2,2,3,TRUE,AllowBackOrder,,,,1,1,1,1,in,in,in,lbs,TRUE,TRUE,DirectShip|InStorePickup|Delivery,4.5,Rubber-elastic,RUBBER,Rubber-elastic,Live
,,,,,,,,,,,,,PC_107-1,PC_107,umbrella66,,,,en-US,TRUE,0,0,USD,Configurable,2,2,3,TRUE,AllowBackOrder,L,red,100,1,1,1,1,in,in,in,lbs,FALSE,FALSE,DirectShip|InStorePickup|Delivery,,,,,
,,,,,,,,,,,,,PC_107-2,PC_107,umbrella67,,,,en-US,TRUE,0,0,USD,Configurable,2,2,3,TRUE,AllowBackOrder,M,red,100,1,1,1,1,in,in,in,lbs,FALSE,FALSE,DirectShip|InStorePickup|Delivery,,,,,
,,,,,,,,,,,,,PC_107-3,PC_107,umbrella68,,,,en-US,TRUE,0,0,USD,Configurable,2,2,3,TRUE,AllowBackOrder,S,red,100,1,1,1,1,in,in,in,lbs,FALSE,FALSE,DirectShip|InStorePickup|Delivery,,,,,
,,,,,,,,,,,,,PC_107-4,PC_107,umbrella69,,,,en-US,TRUE,0,0,USD,Configurable,2,2,3,TRUE,AllowBackOrder,L,black,100,1,1,1,1,in,in,in,lbs,FALSE,FALSE,DirectShip|InStorePickup|Delivery,,,,,
,,,,,,,,,,,,,PC_107-5,PC_107,umbrella70,,,,en-US,TRUE,0,0,USD,Configurable,2,2,3,TRUE,AllowBackOrder,M,black,100,1,1,1,1,in,in,in,lbs,FALSE,FALSE,DirectShip|InStorePickup|Delivery,,,,,
,,,,,,,,,,,,,PC_107-6,PC_107,umbrella71,,,,en-US,TRUE,0,0,USD,Configurable,2,2,3,TRUE,AllowBackOrder,S,black,100,1,1,1,1,in,in,in,lbs,FALSE,FALSE,DirectShip|InStorePickup|Delivery,,,,,
,,,,,,,,,,,,,PC_107-7,PC_107,umbrella72,,,,en-US,TRUE,0,0,USD,Configurable,2,2,3,TRUE,AllowBackOrder,L,white,100,1,1,1,1,in,in,in,lbs,FALSE,FALSE,DirectShip|InStorePickup|Delivery,,,,,
,,,,,,,,,,,,,PC_107-8,PC_107,umbrella73,,,,en-US,TRUE,0,0,USD,Configurable,2,2,3,TRUE,AllowBackOrder,M,white,100,1,1,1,1,in,in,in,lbs,FALSE,FALSE,DirectShip|InStorePickup|Delivery,,,,,
,SIZE,SIZE,size_1,List,String,TRUE,FALSE,"L,M,S",TRUE,Book9,Configurable,,PC_108,,umbrella74,RUBBER,Useful Short Product,UsefulLong Description,en-US,TRUE,100,100,USD,Configurable,2,2,3,TRUE,AllowBackOrder,,,,1,1,1,1,in,in,in,lbs,TRUE,TRUE,DirectShip|InStorePickup|Delivery,4.5,Rubber-elastic,RUBBER,Rubber-elastic,Live
,,,,,,,,,,,,,PC_108-1,PC_108,umbrella75,,,,en-US,TRUE,0,0,USD,Configurable,2,2,3,TRUE,AllowBackOrder,L,red,100,1,1,1,1,in,in,in,lbs,FALSE,FALSE,DirectShip|InStorePickup|Delivery,,,,,
,,,,,,,,,,,,,PC_108-2,PC_108,umbrella76,,,,en-US,TRUE,0,0,USD,Configurable,2,2,3,TRUE,AllowBackOrder,M,red,100,1,1,1,1,in,in,in,lbs,FALSE,FALSE,DirectShip|InStorePickup|Delivery,,,,,
,,,,,,,,,,,,,PC_108-3,PC_108,umbrella77,,,,en-US,TRUE,0,0,USD,Configurable,2,2,3,TRUE,AllowBackOrder,S,red,100,1,1,1,1,in,in,in,lbs,FALSE,FALSE,DirectShip|InStorePickup|Delivery,,,,,
,,,,,,,,,,,,,PC_108-4,PC_108,umbrella78,,,,en-US,TRUE,0,0,USD,Configurable,2,2,3,TRUE,AllowBackOrder,L,black,100,1,1,1,1,in,in,in,lbs,FALSE,FALSE,DirectShip|InStorePickup|Delivery,,,,,
,,,,,,,,,,,,,PC_108-5,PC_108,umbrella79,,,,en-US,TRUE,0,0,USD,Configurable,2,2,3,TRUE,AllowBackOrder,M,black,100,1,1,1,1,in,in,in,lbs,FALSE,FALSE,DirectShip|InStorePickup|Delivery,,,,,
,,,,,,,,,,,,,PC_108-6,PC_108,umbrella80,,,,en-US,TRUE,0,0,USD,Configurable,2,2,3,TRUE,AllowBackOrder,S,black,100,1,1,1,1,in,in,in,lbs,FALSE,FALSE,DirectShip|InStorePickup|Delivery,,,,,
,,,,,,,,,,,,,PC_108-7,PC_108,umbrella81,,,,en-US,TRUE,0,0,USD,Configurable,2,2,3,TRUE,AllowBackOrder,L,white,100,1,1,1,1,in,in,in,lbs,FALSE,FALSE,DirectShip|InStorePickup|Delivery,,,,,
,,,,,,,,,,,,,PC_108-8,PC_108,umbrella82,,,,en-US,TRUE,0,0,USD,Configurable,2,2,3,TRUE,AllowBackOrder,M,white,100,1,1,1,1,in,in,in,lbs,FALSE,FALSE,DirectShip|InStorePickup|Delivery,,,,,
,SIZE,SIZE,size_1,List,String,TRUE,FALSE,"L,M,S",TRUE,Book10,Configurable,,PC_109,,umbrella83,RUBBER,Useful Short Product,UsefulLong Description,en-US,TRUE,100,100,USD,Configurable,2,2,3,TRUE,AllowBackOrder,,,,1,1,1,1,in,in,in,lbs,TRUE,TRUE,DirectShip|InStorePickup|Delivery,4.5,Rubber-elastic,RUBBER,Rubber-elastic,Live
,,,,,,,,,,,,,PC_109-1,PC_109,umbrella84,,,,en-US,TRUE,0,0,USD,Configurable,2,2,3,TRUE,AllowBackOrder,L,red,100,1,1,1,1,in,in,in,lbs,FALSE,FALSE,DirectShip|InStorePickup|Delivery,,,,,
,,,,,,,,,,,,,PC_109-2,PC_109,umbrella85,,,,en-US,TRUE,0,0,USD,Configurable,2,2,3,TRUE,AllowBackOrder,M,red,100,1,1,1,1,in,in,in,lbs,FALSE,FALSE,DirectShip|InStorePickup|Delivery,,,,,
,,,,,,,,,,,,,PC_109-3,PC_109,umbrella86,,,,en-US,TRUE,0,0,USD,Configurable,2,2,3,TRUE,AllowBackOrder,S,red,100,1,1,1,1,in,in,in,lbs,FALSE,FALSE,DirectShip|InStorePickup|Delivery,,,,,
,,,,,,,,,,,,,PC_109-4,PC_109,umbrella87,,,,en-US,TRUE,0,0,USD,Configurable,2,2,3,TRUE,AllowBackOrder,L,black,100,1,1,1,1,in,in,in,lbs,FALSE,FALSE,DirectShip|InStorePickup|Delivery,,,,,
,,,,,,,,,,,,,PC_109-5,PC_109,umbrella88,,,,en-US,TRUE,0,0,USD,Configurable,2,2,3,TRUE,AllowBackOrder,M,black,100,1,1,1,1,in,in,in,lbs,FALSE,FALSE,DirectShip|InStorePickup|Delivery,,,,,
,,,,,,,,,,,,,PC_109-6,PC_109,umbrella89,,,,en-US,TRUE,0,0,USD,Configurable,2,2,3,TRUE,AllowBackOrder,S,black,100,1,1,1,1,in,in,in,lbs,FALSE,FALSE,DirectShip|InStorePickup|Delivery,,,,,
,,,,,,,,,,,,,PC_109-7,PC_109,umbrella90,,,,en-US,TRUE,0,0,USD,Configurable,2,2,3,TRUE,AllowBackOrder,L,white,100,1,1,1,1,in,in,in,lbs,FALSE,FALSE,DirectShip|InStorePickup|Delivery,,,,,
,,,,,,,,,,,,,PC_109-8,PC_109,umbrella91,,,,en-US,TRUE,0,0,USD,Configurable,2,2,3,TRUE,AllowBackOrder,M,white,100,1,1,1,1,in,in,in,lbs,FALSE,FALSE,DirectShip|InStorePickup|Delivery,,,,,
,SIZE,SIZE,size_1,List,String,TRUE,FALSE,"L,M,S",TRUE,Book1,Configurable,,PC_110,,umbrella92,RUBBER,Useful Short Product,UsefulLong Description,en-US,TRUE,100,100,USD,Configurable,2,2,3,TRUE,AllowBackOrder,,,,1,1,1,1,in,in,in,lbs,TRUE,TRUE,DirectShip|InStorePickup|Delivery,4.5,Rubber-elastic,RUBBER,Rubber-elastic,Live
,,,,,,,,,,,,,PC_110-1,PC_110,umbrella93,,,,en-US,TRUE,0,0,USD,Configurable,2,2,3,TRUE,AllowBackOrder,L,red,100,1,1,1,1,in,in,in,lbs,FALSE,FALSE,DirectShip|InStorePickup|Delivery,,,,,
,,,,,,,,,,,,,PC_110-2,PC_110,umbrella94,,,,en-US,TRUE,0,0,USD,Configurable,2,2,3,TRUE,AllowBackOrder,M,red,100,1,1,1,1,in,in,in,lbs,FALSE,FALSE,DirectShip|InStorePickup|Delivery,,,,,
,,,,,,,,,,,,,PC_110-3,PC_110,umbrella95,,,,en-US,TRUE,0,0,USD,Configurable,2,2,3,TRUE,AllowBackOrder,S,red,100,1,1,1,1,in,in,in,lbs,FALSE,FALSE,DirectShip|InStorePickup|Delivery,,,,,
,,,,,,,,,,,,,PC_110-4,PC_110,umbrella96,,,,en-US,TRUE,0,0,USD,Configurable,2,2,3,TRUE,AllowBackOrder,L,black,100,1,1,1,1,in,in,in,lbs,FALSE,FALSE,DirectShip|InStorePickup|Delivery,,,,,
,,,,,,,,,,,,,PC_110-5,PC_110,umbrella97,,,,en-US,TRUE,0,0,USD,Configurable,2,2,3,TRUE,AllowBackOrder,M,black,100,1,1,1,1,in,in,in,lbs,FALSE,FALSE,DirectShip|InStorePickup|Delivery,,,,,
,,,,,,,,,,,,,PC_110-6,PC_110,umbrella98,,,,en-US,TRUE,0,0,USD,Configurable,2,2,3,TRUE,AllowBackOrder,S,black,100,1,1,1,1,in,in,in,lbs,FALSE,FALSE,DirectShip|InStorePickup|Delivery,,,,,
,,,,,,,,,,,,,PC_110-7,PC_110,umbrella99,,,,en-US,TRUE,0,0,USD,Configurable,2,2,3,TRUE,AllowBackOrder,L,white,100,1,1,1,1,in,in,in,lbs,FALSE,FALSE,DirectShip|InStorePickup|Delivery,,,,,
,,,,,,,,,,,,,PC_110-8,PC_110,umbrella100,,,,en-US,TRUE,0,0,USD,Configurable,2,2,3,TRUE,AllowBackOrder,M,white,100,1,1,1,1,in,in,in,lbs,FALSE,FALSE,DirectShip|InStorePickup|Delivery,,,,,
,SIZE,SIZE,size_1,List,String,TRUE,FALSE,"L,M,S",TRUE,Book2,Configurable,,PC_111,,umbrella101,RUBBER,Useful Short Product,UsefulLong Description,en-US,TRUE,100,100,USD,Configurable,2,2,3,TRUE,AllowBackOrder,,,,1,1,1,1,in,in,in,lbs,TRUE,TRUE,DirectShip|InStorePickup|Delivery,4.5,Rubber-elastic,RUBBER,Rubber-elastic,Live
,,,,,,,,,,,,,PC_111-1,PC_111,umbrella102,,,,en-US,TRUE,0,0,USD,Configurable,2,2,3,TRUE,AllowBackOrder,L,red,100,1,1,1,1,in,in,in,lbs,FALSE,FALSE,DirectShip|InStorePickup|Delivery,,,,,
,,,,,,,,,,,,,PC_111-2,PC_111,umbrella103,,,,en-US,TRUE,0,0,USD,Configurable,2,2,3,TRUE,AllowBackOrder,M,red,100,1,1,1,1,in,in,in,lbs,FALSE,FALSE,DirectShip|InStorePickup|Delivery,,,,,
,,,,,,,,,,,,,PC_111-3,PC_111,umbrella104,,,,en-US,TRUE,0,0,USD,Configurable,2,2,3,TRUE,AllowBackOrder,S,red,100,1,1,1,1,in,in,in,lbs,FALSE,FALSE,DirectShip|InStorePickup|Delivery,,,,,
,,,,,,,,,,,,,PC_111-4,PC_111,umbrella105,,,,en-US,TRUE,0,0,USD,Configurable,2,2,3,TRUE,AllowBackOrder,L,black,100,1,1,1,1,in,in,in,lbs,FALSE,FALSE,DirectShip|InStorePickup|Delivery,,,,,
,,,,,,,,,,,,,PC_111-5,PC_111,umbrella106,,,,en-US,TRUE,0,0,USD,Configurable,2,2,3,TRUE,AllowBackOrder,M,black,100,1,1,1,1,in,in,in,lbs,FALSE,FALSE,DirectShip|InStorePickup|Delivery,,,,,
,,,,,,,,,,,,,PC_111-6,PC_111,umbrella107,,,,en-US,TRUE,0,0,USD,Configurable,2,2,3,TRUE,AllowBackOrder,S,black,100,1,1,1,1,in,in,in,lbs,FALSE,FALSE,DirectShip|InStorePickup|Delivery,,,,,
,,,,,,,,,,,,,PC_111-7,PC_111,umbrella108,,,,en-US,TRUE,0,0,USD,Configurable,2,2,3,TRUE,AllowBackOrder,L,white,100,1,1,1,1,in,in,in,lbs,FALSE,FALSE,DirectShip|InStorePickup|Delivery,,,,,
,,,,,,,,,,,,,PC_111-8,PC_111,umbrella109,,,,en-US,TRUE,0,0,USD,Configurable,2,2,3,TRUE,AllowBackOrder,M,white,100,1,1,1,1,in,in,in,lbs,FALSE,FALSE,DirectShip|InStorePickup|Delivery,,,,,
,SIZE,SIZE,size_1,List,String,TRUE,FALSE,"L,M,S",TRUE,Book3,Configurable,,PC_112,,umbrella110,RUBBER,Useful Short Product,UsefulLong Description,en-US,TRUE,100,100,USD,Configurable,2,2,3,TRUE,AllowBackOrder,,,,1,1,1,1,in,in,in,lbs,TRUE,TRUE,DirectShip|InStorePickup|Delivery,4.5,Rubber-elastic,RUBBER,Rubber-elastic,Live
,,,,,,,,,,,,,PC_112-1,PC_112,umbrella111,,,,en-US,TRUE,0,0,USD,Configurable,2,2,3,TRUE,AllowBackOrder,L,red,100,1,1,1,1,in,in,in,lbs,FALSE,FALSE,DirectShip|InStorePickup|Delivery,,,,,
,,,,,,,,,,,,,PC_112-2,PC_112,umbrella112,,,,en-US,TRUE,0,0,USD,Configurable,2,2,3,TRUE,AllowBackOrder,M,red,100,1,1,1,1,in,in,in,lbs,FALSE,FALSE,DirectShip|InStorePickup|Delivery,,,,,
,,,,,,,,,,,,,PC_112-3,PC_112,umbrella113,,,,en-US,TRUE,0,0,USD,Configurable,2,2,3,TRUE,AllowBackOrder,S,red,100,1,1,1,1,in,in,in,lbs,FALSE,FALSE,DirectShip|InStorePickup|Delivery,,,,,
,,,,,,,,,,,,,PC_112-4,PC_112,umbrella114,,,,en-US,TRUE,0,0,USD,Configurable,2,2,3,TRUE,AllowBackOrder,L,black,100,1,1,1,1,in,in,in,lbs,FALSE,FALSE,DirectShip|InStorePickup|Delivery,,,,,
,,,,,,,,,,,,,PC_112-5,PC_112,umbrella115,,,,en-US,TRUE,0,0,USD,Configurable,2,2,3,TRUE,AllowBackOrder,M,black,100,1,1,1,1,in,in,in,lbs,FALSE,FALSE,DirectShip|InStorePickup|Delivery,,,,,
,,,,,,,,,,,,,PC_112-6,PC_112,umbrella116,,,,en-US,TRUE,0,0,USD,Configurable,2,2,3,TRUE,AllowBackOrder,S,black,100,1,1,1,1,in,in,in,lbs,FALSE,FALSE,DirectShip|InStorePickup|Delivery,,,,,
,,,,,,,,,,,,,PC_112-7,PC_112,umbrella117,,,,en-US,TRUE,0,0,USD,Configurable,2,2,3,TRUE,AllowBackOrder,L,white,100,1,1,1,1,in,in,in,lbs,FALSE,FALSE,DirectShip|InStorePickup|Delivery,,,,,
,,,,,,,,,,,,,PC_112-8,PC_112,umbrella118,,,,en-US,TRUE,0,0,USD,Configurable,2,2,3,TRUE,AllowBackOrder,M,white,100,1,1,1,1,in,in,in,lbs,FALSE,FALSE,DirectShip|InStorePickup|Delivery,,,,,
,SIZE,SIZE,size_1,List,String,TRUE,FALSE,"L,M,S",TRUE,Book4,Configurable,,PC_113,,umbrella119,RUBBER,Useful Short Product,UsefulLong Description,en-US,TRUE,100,100,USD,Configurable,2,2,3,TRUE,AllowBackOrder,,,,1,1,1,1,in,in,in,lbs,TRUE,TRUE,DirectShip|InStorePickup|Delivery,4.5,Rubber-elastic,RUBBER,Rubber-elastic,Live
,,,,,,,,,,,,,PC_113-1,PC_113,umbrella120,,,,en-US,TRUE,0,0,USD,Configurable,2,2,3,TRUE,AllowBackOrder,L,red,100,1,1,1,1,in,in,in,lbs,FALSE,FALSE,DirectShip|InStorePickup|Delivery,,,,,
,,,,,,,,,,,,,PC_113-2,PC_113,umbrella121,,,,en-US,TRUE,0,0,USD,Configurable,2,2,3,TRUE,AllowBackOrder,M,red,100,1,1,1,1,in,in,in,lbs,FALSE,FALSE,DirectShip|InStorePickup|Delivery,,,,,
,,,,,,,,,,,,,PC_113-3,PC_113,umbrella122,,,,en-US,TRUE,0,0,USD,Configurable,2,2,3,TRUE,AllowBackOrder,S,red,100,1,1,1,1,in,in,in,lbs,FALSE,FALSE,DirectShip|InStorePickup|Delivery,,,,,
,,,,,,,,,,,,,PC_113-4,PC_113,umbrella123,,,,en-US,TRUE,0,0,USD,Configurable,2,2,3,TRUE,AllowBackOrder,L,black,100,1,1,1,1,in,in,in,lbs,FALSE,FALSE,DirectShip|InStorePickup|Delivery,,,,,
,,,,,,,,,,,,,PC_113-5,PC_113,umbrella124,,,,en-US,TRUE,0,0,USD,Configurable,2,2,3,TRUE,AllowBackOrder,M,black,100,1,1,1,1,in,in,in,lbs,FALSE,FALSE,DirectShip|InStorePickup|Delivery,,,,,
,,,,,,,,,,,,,PC_113-6,PC_113,umbrella125,,,,en-US,TRUE,0,0,USD,Configurable,2,2,3,TRUE,AllowBackOrder,S,black,100,1,1,1,1,in,in,in,lbs,FALSE,FALSE,DirectShip|InStorePickup|Delivery,,,,,
,,,,,,,,,,,,,PC_113-7,PC_113,umbrella126,,,,en-US,TRUE,0,0,USD,Configurable,2,2,3,TRUE,AllowBackOrder,L,white,100,1,1,1,1,in,in,in,lbs,FALSE,FALSE,DirectShip|InStorePickup|Delivery,,,,,
,,,,,,,,,,,,,PC_113-8,PC_113,umbrella127,,,,en-US,TRUE,0,0,USD,Configurable,2,2,3,TRUE,AllowBackOrder,M,white,100,1,1,1,1,in,in,in,lbs,FALSE,FALSE,DirectShip|InStorePickup|Delivery,,,,,
,SIZE,SIZE,size_1,List,String,TRUE,FALSE,"L,M,S",TRUE,Book5,Configurable,,PC_114,,umbrella128,RUBBER,Useful Short Product,UsefulLong Description,en-US,TRUE,100,100,USD,Configurable,2,2,3,TRUE,AllowBackOrder,,,,1,1,1,1,in,in,in,lbs,TRUE,TRUE,DirectShip|InStorePickup|Delivery,4.5,Rubber-elastic,RUBBER,Rubber-elastic,Live
,,,,,,,,,,,,,PC_114-1,PC_114,umbrella129,,,,en-US,TRUE,0,0,USD,Configurable,2,2,3,TRUE,AllowBackOrder,L,red,100,1,1,1,1,in,in,in,lbs,FALSE,FALSE,DirectShip|InStorePickup|Delivery,,,,,
,,,,,,,,,,,,,PC_114-2,PC_114,umbrella130,,,,en-US,TRUE,0,0,USD,Configurable,2,2,3,TRUE,AllowBackOrder,M,red,100,1,1,1,1,in,in,in,lbs,FALSE,FALSE,DirectShip|InStorePickup|Delivery,,,,,
,,,,,,,,,,,,,PC_114-3,PC_114,umbrella131,,,,en-US,TRUE,0,0,USD,Configurable,2,2,3,TRUE,AllowBackOrder,S,red,100,1,1,1,1,in,in,in,lbs,FALSE,FALSE,DirectShip|InStorePickup|Delivery,,,,,
,,,,,,,,,,,,,PC_114-4,PC_114,umbrella132,,,,en-US,TRUE,0,0,USD,Configurable,2,2,3,TRUE,AllowBackOrder,L,black,100,1,1,1,1,in,in,in,lbs,FALSE,FALSE,DirectShip|InStorePickup|Delivery,,,,,
,,,,,,,,,,,,,PC_114-5,PC_114,umbrella133,,,,en-US,TRUE,0,0,USD,Configurable,2,2,3,TRUE,AllowBackOrder,M,black,100,1,1,1,1,in,in,in,lbs,FALSE,FALSE,DirectShip|InStorePickup|Delivery,,,,,
,,,,,,,,,,,,,PC_114-6,PC_114,umbrella134,,,,en-US,TRUE,0,0,USD,Configurable,2,2,3,TRUE,AllowBackOrder,S,black,100,1,1,1,1,in,in,in,lbs,FALSE,FALSE,DirectShip|InStorePickup|Delivery,,,,,
,,,,,,,,,,,,,PC_114-7,PC_114,umbrella135,,,,en-US,TRUE,0,0,USD,Configurable,2,2,3,TRUE,AllowBackOrder,L,white,100,1,1,1,1,in,in,in,lbs,FALSE,FALSE,DirectShip|InStorePickup|Delivery,,,,,
,,,,,,,,,,,,,PC_114-8,PC_114,umbrella136,,,,en-US,TRUE,0,0,USD,Configurable,2,2,3,TRUE,AllowBackOrder,M,white,100,1,1,1,1,in,in,in,lbs,FALSE,FALSE,DirectShip|InStorePickup|Delivery,,,,,
,SIZE,SIZE,size_1,List,String,TRUE,FALSE,"L,M,S",TRUE,Book6,Configurable,,PC_115,,umbrella137,RUBBER,Useful Short Product,UsefulLong Description,en-US,TRUE,100,100,USD,Configurable,2,2,3,TRUE,AllowBackOrder,,,,1,1,1,1,in,in,in,lbs,TRUE,TRUE,DirectShip|InStorePickup|Delivery,4.5,Rubber-elastic,RUBBER,Rubber-elastic,Live
,,,,,,,,,,,,,PC_115-1,PC_115,umbrella138,,,,en-US,TRUE,0,0,USD,Configurable,2,2,3,TRUE,AllowBackOrder,L,red,100,1,1,1,1,in,in,in,lbs,FALSE,FALSE,DirectShip|InStorePickup|Delivery,,,,,
,,,,,,,,,,,,,PC_115-2,PC_115,umbrella139,,,,en-US,TRUE,0,0,USD,Configurable,2,2,3,TRUE,AllowBackOrder,M,red,100,1,1,1,1,in,in,in,lbs,FALSE,FALSE,DirectShip|InStorePickup|Delivery,,,,,
,,,,,,,,,,,,,PC_115-3,PC_115,umbrella140,,,,en-US,TRUE,0,0,USD,Configurable,2,2,3,TRUE,AllowBackOrder,S,red,100,1,1,1,1,in,in,in,lbs,FALSE,FALSE,DirectShip|InStorePickup|Delivery,,,,,
,,,,,,,,,,,,,PC_115-4,PC_115,umbrella141,,,,en-US,TRUE,0,0,USD,Configurable,2,2,3,TRUE,AllowBackOrder,L,black,100,1,1,1,1,in,in,in,lbs,FALSE,FALSE,DirectShip|InStorePickup|Delivery,,,,,
,,,,,,,,,,,,,PC_115-5,PC_115,umbrella142,,,,en-US,TRUE,0,0,USD,Configurable,2,2,3,TRUE,AllowBackOrder,M,black,100,1,1,1,1,in,in,in,lbs,FALSE,FALSE,DirectShip|InStorePickup|Delivery,,,,,
,,,,,,,,,,,,,PC_115-6,PC_115,umbrella143,,,,en-US,TRUE,0,0,USD,Configurable,2,2,3,TRUE,AllowBackOrder,S,black,100,1,1,1,1,in,in,in,lbs,FALSE,FALSE,DirectShip|InStorePickup|Delivery,,,,,
,,,,,,,,,,,,,PC_115-7,PC_115,umbrella144,,,,en-US,TRUE,0,0,USD,Configurable,2,2,3,TRUE,AllowBackOrder,L,white,100,1,1,1,1,in,in,in,lbs,FALSE,FALSE,DirectShip|InStorePickup|Delivery,,,,,
,,,,,,,,,,,,,PC_115-8,PC_115,umbrella145,,,,en-US,TRUE,0,0,USD,Configurable,2,2,3,TRUE,AllowBackOrder,M,white,100,1,1,1,1,in,in,in,lbs,FALSE,FALSE,DirectShip|InStorePickup|Delivery,,,,,
,SIZE,SIZE,size_1,List,String,TRUE,FALSE,"L,M,S",TRUE,Book7,Configurable,,PC_116,,umbrella146,RUBBER,Useful Short Product,UsefulLong Description,en-US,TRUE,100,100,USD,Configurable,2,2,3,TRUE,AllowBackOrder,,,,1,1,1,1,in,in,in,lbs,TRUE,TRUE,DirectShip|InStorePickup|Delivery,4.5,Rubber-elastic,RUBBER,Rubber-elastic,Live
,,,,,,,,,,,,,PC_116-1,PC_116,umbrella147,,,,en-US,TRUE,0,0,USD,Configurable,2,2,3,TRUE,AllowBackOrder,L,red,100,1,1,1,1,in,in,in,lbs,FALSE,FALSE,DirectShip|InStorePickup|Delivery,,,,,
,,,,,,,,,,,,,PC_116-2,PC_116,umbrella148,,,,en-US,TRUE,0,0,USD,Configurable,2,2,3,TRUE,AllowBackOrder,M,red,100,1,1,1,1,in,in,in,lbs,FALSE,FALSE,DirectShip|InStorePickup|Delivery,,,,,
,,,,,,,,,,,,,PC_116-3,PC_116,umbrella149,,,,en-US,TRUE,0,0,USD,Configurable,2,2,3,TRUE,AllowBackOrder,S,red,100,1,1,1,1,in,in,in,lbs,FALSE,FALSE,DirectShip|InStorePickup|Delivery,,,,,
,,,,,,,,,,,,,PC_116-4,PC_116,umbrella150,,,,en-US,TRUE,0,0,USD,Configurable,2,2,3,TRUE,AllowBackOrder,L,black,100,1,1,1,1,in,in,in,lbs,FALSE,FALSE,DirectShip|InStorePickup|Delivery,,,,,
,,,,,,,,,,,,,PC_116-5,PC_116,umbrella151,,,,en-US,TRUE,0,0,USD,Configurable,2,2,3,TRUE,AllowBackOrder,M,black,100,1,1,1,1,in,in,in,lbs,FALSE,FALSE,DirectShip|InStorePickup|Delivery,,,,,
,,,,,,,,,,,,,PC_116-6,PC_116,umbrella152,,,,en-US,TRUE,0,0,USD,Configurable,2,2,3,TRUE,AllowBackOrder,S,black,100,1,1,1,1,in,in,in,lbs,FALSE,FALSE,DirectShip|InStorePickup|Delivery,,,,,
,,,,,,,,,,,,,PC_116-7,PC_116,umbrella153,,,,en-US,TRUE,0,0,USD,Configurable,2,2,3,TRUE,AllowBackOrder,L,white,100,1,1,1,1,in,in,in,lbs,FALSE,FALSE,DirectShip|InStorePickup|Delivery,,,,,
,,,,,,,,,,,,,PC_116-8,PC_116,umbrella154,,,,en-US,TRUE,0,0,USD,Configurable,2,2,3,TRUE,AllowBackOrder,M,white,100,1,1,1,1,in,in,in,lbs,FALSE,FALSE,DirectShip|InStorePickup|Delivery,,,,,
,SIZE,SIZE,size_1,List,String,TRUE,FALSE,"L,M,S",TRUE,Book8,Configurable,,PC_117,,umbrella155,RUBBER,Useful Short Product,UsefulLong Description,en-US,TRUE,100,100,USD,Configurable,2,2,3,TRUE,AllowBackOrder,,,,1,1,1,1,in,in,in,lbs,TRUE,TRUE,DirectShip|InStorePickup|Delivery,4.5,Rubber-elastic,RUBBER,Rubber-elastic,Live
,,,,,,,,,,,,,PC_117-1,PC_117,umbrella156,,,,en-US,TRUE,0,0,USD,Configurable,2,2,3,TRUE,AllowBackOrder,L,red,100,1,1,1,1,in,in,in,lbs,FALSE,FALSE,DirectShip|InStorePickup|Delivery,,,,,
,,,,,,,,,,,,,PC_117-2,PC_117,umbrella157,,,,en-US,TRUE,0,0,USD,Configurable,2,2,3,TRUE,AllowBackOrder,M,red,100,1,1,1,1,in,in,in,lbs,FALSE,FALSE,DirectShip|InStorePickup|Delivery,,,,,
,,,,,,,,,,,,,PC_117-3,PC_117,umbrella158,,,,en-US,TRUE,0,0,USD,Configurable,2,2,3,TRUE,AllowBackOrder,S,red,100,1,1,1,1,in,in,in,lbs,FALSE,FALSE,DirectShip|InStorePickup|Delivery,,,,,
,,,,,,,,,,,,,PC_117-4,PC_117,umbrella159,,,,en-US,TRUE,0,0,USD,Configurable,2,2,3,TRUE,AllowBackOrder,L,black,100,1,1,1,1,in,in,in,lbs,FALSE,FALSE,DirectShip|InStorePickup|Delivery,,,,,
,,,,,,,,,,,,,PC_117-5,PC_117,umbrella160,,,,en-US,TRUE,0,0,USD,Configurable,2,2,3,TRUE,AllowBackOrder,M,black,100,1,1,1,1,in,in,in,lbs,FALSE,FALSE,DirectShip|InStorePickup|Delivery,,,,,
,,,,,,,,,,,,,PC_117-6,PC_117,umbrella161,,,,en-US,TRUE,0,0,USD,Configurable,2,2,3,TRUE,AllowBackOrder,S,black,100,1,1,1,1,in,in,in,lbs,FALSE,FALSE,DirectShip|InStorePickup|Delivery,,,,,
,,,,,,,,,,,,,PC_117-7,PC_117,umbrella162,,,,en-US,TRUE,0,0,USD,Configurable,2,2,3,TRUE,AllowBackOrder,L,white,100,1,1,1,1,in,in,in,lbs,FALSE,FALSE,DirectShip|InStorePickup|Delivery,,,,,
,,,,,,,,,,,,,PC_117-8,PC_117,umbrella163,,,,en-US,TRUE,0,0,USD,Configurable,2,2,3,TRUE,AllowBackOrder,M,white,100,1,1,1,1,in,in,in,lbs,FALSE,FALSE,DirectShip|InStorePickup|Delivery,,,,,
,SIZE,SIZE,size_1,List,String,TRUE,FALSE,"L,M,S",TRUE,Book9,Configurable,,PC_118,,umbrella164,RUBBER,Useful Short Product,UsefulLong Description,en-US,TRUE,100,100,USD,Configurable,2,2,3,TRUE,AllowBackOrder,,,,1,1,1,1,in,in,in,lbs,TRUE,TRUE,DirectShip|InStorePickup|Delivery,4.5,Rubber-elastic,RUBBER,Rubber-elastic,Live
,,,,,,,,,,,,,PC_118-1,PC_118,umbrella165,,,,en-US,TRUE,0,0,USD,Configurable,2,2,3,TRUE,AllowBackOrder,L,red,100,1,1,1,1,in,in,in,lbs,FALSE,FALSE,DirectShip|InStorePickup|Delivery,,,,,
,,,,,,,,,,,,,PC_118-2,PC_118,umbrella166,,,,en-US,TRUE,0,0,USD,Configurable,2,2,3,TRUE,AllowBackOrder,M,red,100,1,1,1,1,in,in,in,lbs,FALSE,FALSE,DirectShip|InStorePickup|Delivery,,,,,
,,,,,,,,,,,,,PC_118-3,PC_118,umbrella167,,,,en-US,TRUE,0,0,USD,Configurable,2,2,3,TRUE,AllowBackOrder,S,red,100,1,1,1,1,in,in,in,lbs,FALSE,FALSE,DirectShip|InStorePickup|Delivery,,,,,
,,,,,,,,,,,,,PC_118-4,PC_118,umbrella168,,,,en-US,TRUE,0,0,USD,Configurable,2,2,3,TRUE,AllowBackOrder,L,black,100,1,1,1,1,in,in,in,lbs,FALSE,FALSE,DirectShip|InStorePickup|Delivery,,,,,
,,,,,,,,,,,,,PC_118-5,PC_118,umbrella169,,,,en-US,TRUE,0,0,USD,Configurable,2,2,3,TRUE,AllowBackOrder,M,black,100,1,1,1,1,in,in,in,lbs,FALSE,FALSE,DirectShip|InStorePickup|Delivery,,,,,
,,,,,,,,,,,,,PC_118-6,PC_118,umbrella170,,,,en-US,TRUE,0,0,USD,Configurable,2,2,3,TRUE,AllowBackOrder,S,black,100,1,1,1,1,in,in,in,lbs,FALSE,FALSE,DirectShip|InStorePickup|Delivery,,,,,
,,,,,,,,,,,,,PC_118-7,PC_118,umbrella171,,,,en-US,TRUE,0,0,USD,Configurable,2,2,3,TRUE,AllowBackOrder,L,white,100,1,1,1,1,in,in,in,lbs,FALSE,FALSE,DirectShip|InStorePickup|Delivery,,,,,
,,,,,,,,,,,,,PC_118-8,PC_118,umbrella172,,,,en-US,TRUE,0,0,USD,Configurable,2,2,3,TRUE,AllowBackOrder,M,white,100,1,1,1,1,in,in,in,lbs,FALSE,FALSE,DirectShip|InStorePickup|Delivery,,,,,
,SIZE,SIZE,size_1,List,String,TRUE,FALSE,"L,M,S",TRUE,Book10,Configurable,,PC_119,,umbrella173,RUBBER,Useful Short Product,UsefulLong Description,en-US,TRUE,100,100,USD,Configurable,2,2,3,TRUE,AllowBackOrder,,,,1,1,1,1,in,in,in,lbs,TRUE,TRUE,DirectShip|InStorePickup|Delivery,4.5,Rubber-elastic,RUBBER,Rubber-elastic,Live
,,,,,,,,,,,,,PC_119-1,PC_119,umbrella174,,,,en-US,TRUE,0,0,USD,Configurable,2,2,3,TRUE,AllowBackOrder,L,red,100,1,1,1,1,in,in,in,lbs,FALSE,FALSE,DirectShip|InStorePickup|Delivery,,,,,
,,,,,,,,,,,,,PC_119-2,PC_119,umbrella175,,,,en-US,TRUE,0,0,USD,Configurable,2,2,3,TRUE,AllowBackOrder,M,red,100,1,1,1,1,in,in,in,lbs,FALSE,FALSE,DirectShip|InStorePickup|Delivery,,,,,
,,,,,,,,,,,,,PC_119-3,PC_119,umbrella176,,,,en-US,TRUE,0,0,USD,Configurable,2,2,3,TRUE,AllowBackOrder,S,red,100,1,1,1,1,in,in,in,lbs,FALSE,FALSE,DirectShip|InStorePickup|Delivery,,,,,
,,,,,,,,,,,,,PC_119-4,PC_119,umbrella177,,,,en-US,TRUE,0,0,USD,Configurable,2,2,3,TRUE,AllowBackOrder,L,black,100,1,1,1,1,in,in,in,lbs,FALSE,FALSE,DirectShip|InStorePickup|Delivery,,,,,
,,,,,,,,,,,,,PC_119-5,PC_119,umbrella178,,,,en-US,TRUE,0,0,USD,Configurable,2,2,3,TRUE,AllowBackOrder,M,black,100,1,1,1,1,in,in,in,lbs,FALSE,FALSE,DirectShip|InStorePickup|Delivery,,,,,
,,,,,,,,,,,,,PC_119-6,PC_119,umbrella179,,,,en-US,TRUE,0,0,USD,Configurable,2,2,3,TRUE,AllowBackOrder,S,black,100,1,1,1,1,in,in,in,lbs,FALSE,FALSE,DirectShip|InStorePickup|Delivery,,,,,
,,,,,,,,,,,,,PC_119-7,PC_119,umbrella180,,,,en-US,TRUE,0,0,USD,Configurable,2,2,3,TRUE,AllowBackOrder,L,white,100,1,1,1,1,in,in,in,lbs,FALSE,FALSE,DirectShip|InStorePickup|Delivery,,,,,
,,,,,,,,,,,,,PC_119-8,PC_119,umbrella181,,,,en-US,TRUE,0,0,USD,Configurable,2,2,3,TRUE,AllowBackOrder,M,white,100,1,1,1,1,in,in,in,lbs,FALSE,FALSE,DirectShip|InStorePickup|Delivery,,,,,
,SIZE,SIZE,size_1,List,String,TRUE,FALSE,"L,M,S",TRUE,Book1,Configurable,,PC_120,,umbrella182,RUBBER,Useful Short Product,UsefulLong Description,en-US,TRUE,100,100,USD,Configurable,2,2,3,TRUE,AllowBackOrder,,,,1,1,1,1,in,in,in,lbs,TRUE,TRUE,DirectShip|InStorePickup|Delivery,4.5,Rubber-elastic,RUBBER,Rubber-elastic,Live
,,,,,,,,,,,,,PC_120-1,PC_120,umbrella183,,,,en-US,TRUE,0,0,USD,Configurable,2,2,3,TRUE,AllowBackOrder,L,red,100,1,1,1,1,in,in,in,lbs,FALSE,FALSE,DirectShip|InStorePickup|Delivery,,,,,
,,,,,,,,,,,,,PC_120-2,PC_120,umbrella184,,,,en-US,TRUE,0,0,USD,Configurable,2,2,3,TRUE,AllowBackOrder,M,red,100,1,1,1,1,in,in,in,lbs,FALSE,FALSE,DirectShip|InStorePickup|Delivery,,,,,
,,,,,,,,,,,,,PC_120-3,PC_120,umbrella185,,,,en-US,TRUE,0,0,USD,Configurable,2,2,3,TRUE,AllowBackOrder,S,red,100,1,1,1,1,in,in,in,lbs,FALSE,FALSE,DirectShip|InStorePickup|Delivery,,,,,
,,,,,,,,,,,,,PC_120-4,PC_120,umbrella186,,,,en-US,TRUE,0,0,USD,Configurable,2,2,3,TRUE,AllowBackOrder,L,black,100,1,1,1,1,in,in,in,lbs,FALSE,FALSE,DirectShip|InStorePickup|Delivery,,,,,
,,,,,,,,,,,,,PC_120-5,PC_120,umbrella187,,,,en-US,TRUE,0,0,USD,Configurable,2,2,3,TRUE,AllowBackOrder,M,black,100,1,1,1,1,in,in,in,lbs,FALSE,FALSE,DirectShip|InStorePickup|Delivery,,,,,
,,,,,,,,,,,,,PC_120-6,PC_120,umbrella188,,,,en-US,TRUE,0,0,USD,Configurable,2,2,3,TRUE,AllowBackOrder,S,black,100,1,1,1,1,in,in,in,lbs,FALSE,FALSE,DirectShip|InStorePickup|Delivery,,,,,
,,,,,,,,,,,,,PC_120-7,PC_120,umbrella189,,,,en-US,TRUE,0,0,USD,Configurable,2,2,3,TRUE,AllowBackOrder,L,white,100,1,1,1,1,in,in,in,lbs,FALSE,FALSE,DirectShip|InStorePickup|Delivery,,,,,
,,,,,,,,,,,,,PC_120-8,PC_120,umbrella190,,,,en-US,TRUE,0,0,USD,Configurable,2,2,3,TRUE,AllowBackOrder,M,white,100,1,1,1,1,in,in,in,lbs,FALSE,FALSE,DirectShip|InStorePickup|Delivery,,,,,
,SIZE,SIZE,size_1,List,String,TRUE,FALSE,"L,M,S",TRUE,Book2,Configurable,,PC_121,,umbrella191,RUBBER,Useful Short Product,UsefulLong Description,en-US,TRUE,100,100,USD,Configurable,2,2,3,TRUE,AllowBackOrder,,,,1,1,1,1,in,in,in,lbs,TRUE,TRUE,DirectShip|InStorePickup|Delivery,4.5,Rubber-elastic,RUBBER,Rubber-elastic,Live
,,,,,,,,,,,,,PC_121-1,PC_121,umbrella192,,,,en-US,TRUE,0,0,USD,Configurable,2,2,3,TRUE,AllowBackOrder,L,red,100,1,1,1,1,in,in,in,lbs,FALSE,FALSE,DirectShip|InStorePickup|Delivery,,,,,
,,,,,,,,,,,,,PC_121-2,PC_121,umbrella193,,,,en-US,TRUE,0,0,USD,Configurable,2,2,3,TRUE,AllowBackOrder,M,red,100,1,1,1,1,in,in,in,lbs,FALSE,FALSE,DirectShip|InStorePickup|Delivery,,,,,
,,,,,,,,,,,,,PC_121-3,PC_121,umbrella194,,,,en-US,TRUE,0,0,USD,Configurable,2,2,3,TRUE,AllowBackOrder,S,red,100,1,1,1,1,in,in,in,lbs,FALSE,FALSE,DirectShip|InStorePickup|Delivery,,,,,
,,,,,,,,,,,,,PC_121-4,PC_121,umbrella195,,,,en-US,TRUE,0,0,USD,Configurable,2,2,3,TRUE,AllowBackOrder,L,black,100,1,1,1,1,in,in,in,lbs,FALSE,FALSE,DirectShip|InStorePickup|Delivery,,,,,
,,,,,,,,,,,,,PC_121-5,PC_121,umbrella196,,,,en-US,TRUE,0,0,USD,Configurable,2,2,3,TRUE,AllowBackOrder,M,black,100,1,1,1,1,in,in,in,lbs,FALSE,FALSE,DirectShip|InStorePickup|Delivery,,,,,
,,,,,,,,,,,,,PC_121-6,PC_121,umbrella197,,,,en-US,TRUE,0,0,USD,Configurable,2,2,3,TRUE,AllowBackOrder,S,black,100,1,1,1,1,in,in,in,lbs,FALSE,FALSE,DirectShip|InStorePickup|Delivery,,,,,
,,,,,,,,,,,,,PC_121-7,PC_121,umbrella198,,,,en-US,TRUE,0,0,USD,Configurable,2,2,3,TRUE,AllowBackOrder,L,white,100,1,1,1,1,in,in,in,lbs,FALSE,FALSE,DirectShip|InStorePickup|Delivery,,,,,
,,,,,,,,,,,,,PC_121-8,PC_121,umbrella199,,,,en-US,TRUE,0,0,USD,Configurable,2,2,3,TRUE,AllowBackOrder,M,white,100,1,1,1,1,in,in,in,lbs,FALSE,FALSE,DirectShip|InStorePickup|Delivery,,,,,
,SIZE,SIZE,size_1,List,String,TRUE,FALSE,"L,M,S",TRUE,Book3,Configurable,,PC_122,,umbrella200,RUBBER,Useful Short Product,UsefulLong Description,en-US,TRUE,100,100,USD,Configurable,2,2,3,TRUE,AllowBackOrder,,,,1,1,1,1,in,in,in,lbs,TRUE,TRUE,DirectShip|InStorePickup|Delivery,4.5,Rubber-elastic,RUBBER,Rubber-elastic,Live
,,,,,,,,,,,,,PC_122-1,PC_122,umbrella201,,,,en-US,TRUE,0,0,USD,Configurable,2,2,3,TRUE,AllowBackOrder,L,red,100,1,1,1,1,in,in,in,lbs,FALSE,FALSE,DirectShip|InStorePickup|Delivery,,,,,
,,,,,,,,,,,,,PC_122-2,PC_122,umbrella202,,,,en-US,TRUE,0,0,USD,Configurable,2,2,3,TRUE,AllowBackOrder,M,red,100,1,1,1,1,in,in,in,lbs,FALSE,FALSE,DirectShip|InStorePickup|Delivery,,,,,
,,,,,,,,,,,,,PC_122-3,PC_122,umbrella203,,,,en-US,TRUE,0,0,USD,Configurable,2,2,3,TRUE,AllowBackOrder,S,red,100,1,1,1,1,in,in,in,lbs,FALSE,FALSE,DirectShip|InStorePickup|Delivery,,,,,
,,,,,,,,,,,,,PC_122-4,PC_122,umbrella204,,,,en-US,TRUE,0,0,USD,Configurable,2,2,3,TRUE,AllowBackOrder,L,black,100,1,1,1,1,in,in,in,lbs,FALSE,FALSE,DirectShip|InStorePickup|Delivery,,,,,
,,,,,,,,,,,,,PC_122-5,PC_122,umbrella205,,,,en-US,TRUE,0,0,USD,Configurable,2,2,3,TRUE,AllowBackOrder,M,black,100,1,1,1,1,in,in,in,lbs,FALSE,FALSE,DirectShip|InStorePickup|Delivery,,,,,
,,,,,,,,,,,,,PC_122-6,PC_122,umbrella206,,,,en-US,TRUE,0,0,USD,Configurable,2,2,3,TRUE,AllowBackOrder,S,black,100,1,1,1,1,in,in,in,lbs,FALSE,FALSE,DirectShip|InStorePickup|Delivery,,,,,
,,,,,,,,,,,,,PC_122-7,PC_122,umbrella207,,,,en-US,TRUE,0,0,USD,Configurable,2,2,3,TRUE,AllowBackOrder,L,white,100,1,1,1,1,in,in,in,lbs,FALSE,FALSE,DirectShip|InStorePickup|Delivery,,,,,
,,,,,,,,,,,,,PC_122-8,PC_122,umbrella208,,,,en-US,TRUE,0,0,USD,Configurable,2,2,3,TRUE,AllowBackOrder,M,white,100,1,1,1,1,in,in,in,lbs,FALSE,FALSE,DirectShip|InStorePickup|Delivery,,,,,
,SIZE,SIZE,size_1,List,String,TRUE,FALSE,"L,M,S",TRUE,Book4,Configurable,,PC_123,,umbrella209,RUBBER,Useful Short Product,UsefulLong Description,en-US,TRUE,100,100,USD,Configurable,2,2,3,TRUE,AllowBackOrder,,,,1,1,1,1,in,in,in,lbs,TRUE,TRUE,DirectShip|InStorePickup|Delivery,4.5,Rubber-elastic,RUBBER,Rubber-elastic,Live
,,,,,,,,,,,,,PC_123-1,PC_123,umbrella210,,,,en-US,TRUE,0,0,USD,Configurable,2,2,3,TRUE,AllowBackOrder,L,red,100,1,1,1,1,in,in,in,lbs,FALSE,FALSE,DirectShip|InStorePickup|Delivery,,,,,
,,,,,,,,,,,,,PC_123-2,PC_123,umbrella211,,,,en-US,TRUE,0,0,USD,Configurable,2,2,3,TRUE,AllowBackOrder,M,red,100,1,1,1,1,in,in,in,lbs,FALSE,FALSE,DirectShip|InStorePickup|Delivery,,,,,
,,,,,,,,,,,,,PC_123-3,PC_123,umbrella212,,,,en-US,TRUE,0,0,USD,Configurable,2,2,3,TRUE,AllowBackOrder,S,red,100,1,1,1,1,in,in,in,lbs,FALSE,FALSE,DirectShip|InStorePickup|Delivery,,,,,
,,,,,,,,,,,,,PC_123-4,PC_123,umbrella213,,,,en-US,TRUE,0,0,USD,Configurable,2,2,3,TRUE,AllowBackOrder,L,black,100,1,1,1,1,in,in,in,lbs,FALSE,FALSE,DirectShip|InStorePickup|Delivery,,,,,
,,,,,,,,,,,,,PC_123-5,PC_123,umbrella214,,,,en-US,TRUE,0,0,USD,Configurable,2,2,3,TRUE,AllowBackOrder,M,black,100,1,1,1,1,in,in,in,lbs,FALSE,FALSE,DirectShip|InStorePickup|Delivery,,,,,
,,,,,,,,,,,,,PC_123-6,PC_123,umbrella215,,,,en-US,TRUE,0,0,USD,Configurable,2,2,3,TRUE,AllowBackOrder,S,black,100,1,1,1,1,in,in,in,lbs,FALSE,FALSE,DirectShip|InStorePickup|Delivery,,,,,
,,,,,,,,,,,,,PC_123-7,PC_123,umbrella216,,,,en-US,TRUE,0,0,USD,Configurable,2,2,3,TRUE,AllowBackOrder,L,white,100,1,1,1,1,in,in,in,lbs,FALSE,FALSE,DirectShip|InStorePickup|Delivery,,,,,
,,,,,,,,,,,,,PC_123-8,PC_123,umbrella217,,,,en-US,TRUE,0,0,USD,Configurable,2,2,3,TRUE,AllowBackOrder,M,white,100,1,1,1,1,in,in,in,lbs,FALSE,FALSE,DirectShip|InStorePickup|Delivery,,,,,
,SIZE,SIZE,size_1,List,String,TRUE,FALSE,"L,M,S",TRUE,Book5,Configurable,,PC_124,,umbrella218,RUBBER,Useful Short Product,UsefulLong Description,en-US,TRUE,100,100,USD,Configurable,2,2,3,TRUE,AllowBackOrder,,,,1,1,1,1,in,in,in,lbs,TRUE,TRUE,DirectShip|InStorePickup|Delivery,4.5,Rubber-elastic,RUBBER,Rubber-elastic,Live
,,,,,,,,,,,,,PC_124-1,PC_124,umbrella219,,,,en-US,TRUE,0,0,USD,Configurable,2,2,3,TRUE,AllowBackOrder,L,red,100,1,1,1,1,in,in,in,lbs,FALSE,FALSE,DirectShip|InStorePickup|Delivery,,,,,
,,,,,,,,,,,,,PC_124-2,PC_124,umbrella220,,,,en-US,TRUE,0,0,USD,Configurable,2,2,3,TRUE,AllowBackOrder,M,red,100,1,1,1,1,in,in,in,lbs,FALSE,FALSE,DirectShip|InStorePickup|Delivery,,,,,
,,,,,,,,,,,,,PC_124-3,PC_124,umbrella221,,,,en-US,TRUE,0,0,USD,Configurable,2,2,3,TRUE,AllowBackOrder,S,red,100,1,1,1,1,in,in,in,lbs,FALSE,FALSE,DirectShip|InStorePickup|Delivery,,,,,
,,,,,,,,,,,,,PC_124-4,PC_124,umbrella222,,,,en-US,TRUE,0,0,USD,Configurable,2,2,3,TRUE,AllowBackOrder,L,black,100,1,1,1,1,in,in,in,lbs,FALSE,FALSE,DirectShip|InStorePickup|Delivery,,,,,
,,,,,,,,,,,,,PC_124-5,PC_124,umbrella223,,,,en-US,TRUE,0,0,USD,Configurable,2,2,3,TRUE,AllowBackOrder,M,black,100,1,1,1,1,in,in,in,lbs,FALSE,FALSE,DirectShip|InStorePickup|Delivery,,,,,
,,,,,,,,,,,,,PC_124-6,PC_124,umbrella224,,,,en-US,TRUE,0,0,USD,Configurable,2,2,3,TRUE,AllowBackOrder,S,black,100,1,1,1,1,in,in,in,lbs,FALSE,FALSE,DirectShip|InStorePickup|Delivery,,,,,
,,,,,,,,,,,,,PC_124-7,PC_124,umbrella225,,,,en-US,TRUE,0,0,USD,Configurable,2,2,3,TRUE,AllowBackOrder,L,white,100,1,1,1,1,in,in,in,lbs,FALSE,FALSE,DirectShip|InStorePickup|Delivery,,,,,
,,,,,,,,,,,,,PC_124-8,PC_124,umbrella226,,,,en-US,TRUE,0,0,USD,Configurable,2,2,3,TRUE,AllowBackOrder,M,white,100,1,1,1,1,in,in,in,lbs,FALSE,FALSE,DirectShip|InStorePickup|Delivery,,,,,
,SIZE,SIZE,size_1,List,String,TRUE,FALSE,"L,M,S",TRUE,Book6,Configurable,,PC_125,,umbrella227,RUBBER,Useful Short Product,UsefulLong Description,en-US,TRUE,100,100,USD,Configurable,2,2,3,TRUE,AllowBackOrder,,,,1,1,1,1,in,in,in,lbs,TRUE,TRUE,DirectShip|InStorePickup|Delivery,4.5,Rubber-elastic,RUBBER,Rubber-elastic,Live
,,,,,,,,,,,,,PC_125-1,PC_125,umbrella228,,,,en-US,TRUE,0,0,USD,Configurable,2,2,3,TRUE,AllowBackOrder,L,red,100,1,1,1,1,in,in,in,lbs,FALSE,FALSE,DirectShip|InStorePickup|Delivery,,,,,
,,,,,,,,,,,,,PC_125-2,PC_125,umbrella229,,,,en-US,TRUE,0,0,USD,Configurable,2,2,3,TRUE,AllowBackOrder,M,red,100,1,1,1,1,in,in,in,lbs,FALSE,FALSE,DirectShip|InStorePickup|Delivery,,,,,
,,,,,,,,,,,,,PC_125-3,PC_125,umbrella230,,,,en-US,TRUE,0,0,USD,Configurable,2,2,3,TRUE,AllowBackOrder,S,red,100,1,1,1,1,in,in,in,lbs,FALSE,FALSE,DirectShip|InStorePickup|Delivery,,,,,
,,,,,,,,,,,,,PC_125-4,PC_125,umbrella231,,,,en-US,TRUE,0,0,USD,Configurable,2,2,3,TRUE,AllowBackOrder,L,black,100,1,1,1,1,in,in,in,lbs,FALSE,FALSE,DirectShip|InStorePickup|Delivery,,,,,
,,,,,,,,,,,,,PC_125-5,PC_125,umbrella232,,,,en-US,TRUE,0,0,USD,Configurable,2,2,3,TRUE,AllowBackOrder,M,black,100,1,1,1,1,in,in,in,lbs,FALSE,FALSE,DirectShip|InStorePickup|Delivery,,,,,
,,,,,,,,,,,,,PC_125-6,PC_125,umbrella233,,,,en-US,TRUE,0,0,USD,Configurable,2,2,3,TRUE,AllowBackOrder,S,black,100,1,1,1,1,in,in,in,lbs,FALSE,FALSE,DirectShip|InStorePickup|Delivery,,,,,
,,,,,,,,,,,,,PC_125-7,PC_125,umbrella234,,,,en-US,TRUE,0,0,USD,Configurable,2,2,3,TRUE,AllowBackOrder,L,white,100,1,1,1,1,in,in,in,lbs,FALSE,FALSE,DirectShip|InStorePickup|Delivery,,,,,
,,,,,,,,,,,,,PC_125-8,PC_125,umbrella235,,,,en-US,TRUE,0,0,USD,Configurable,2,2,3,TRUE,AllowBackOrder,M,white,100,1,1,1,1,in,in,in,lbs,FALSE,FALSE,DirectShip|InStorePickup|Delivery,,,,,
,SIZE,SIZE,size_1,List,String,TRUE,FALSE,"L,M,S",TRUE,Book7,Configurable,,PC_126,,umbrella236,RUBBER,Useful Short Product,UsefulLong Description,en-US,TRUE,100,100,USD,Configurable,2,2,3,TRUE,AllowBackOrder,,,,1,1,1,1,in,in,in,lbs,TRUE,TRUE,DirectShip|InStorePickup|Delivery,4.5,Rubber-elastic,RUBBER,Rubber-elastic,Live
,,,,,,,,,,,,,PC_126-1,PC_126,umbrella237,,,,en-US,TRUE,0,0,USD,Configurable,2,2,3,TRUE,AllowBackOrder,L,red,100,1,1,1,1,in,in,in,lbs,FALSE,FALSE,DirectShip|InStorePickup|Delivery,,,,,
,,,,,,,,,,,,,PC_126-2,PC_126,umbrella238,,,,en-US,TRUE,0,0,USD,Configurable,2,2,3,TRUE,AllowBackOrder,M,red,100,1,1,1,1,in,in,in,lbs,FALSE,FALSE,DirectShip|InStorePickup|Delivery,,,,,
,,,,,,,,,,,,,PC_126-3,PC_126,umbrella239,,,,en-US,TRUE,0,0,USD,Configurable,2,2,3,TRUE,AllowBackOrder,S,red,100,1,1,1,1,in,in,in,lbs,FALSE,FALSE,DirectShip|InStorePickup|Delivery,,,,,
,,,,,,,,,,,,,PC_126-4,PC_126,umbrella240,,,,en-US,TRUE,0,0,USD,Configurable,2,2,3,TRUE,AllowBackOrder,L,black,100,1,1,1,1,in,in,in,lbs,FALSE,FALSE,DirectShip|InStorePickup|Delivery,,,,,
,,,,,,,,,,,,,PC_126-5,PC_126,umbrella241,,,,en-US,TRUE,0,0,USD,Configurable,2,2,3,TRUE,AllowBackOrder,M,black,100,1,1,1,1,in,in,in,lbs,FALSE,FALSE,DirectShip|InStorePickup|Delivery,,,,,
,,,,,,,,,,,,,PC_126-6,PC_126,umbrella242,,,,en-US,TRUE,0,0,USD,Configurable,2,2,3,TRUE,AllowBackOrder,S,black,100,1,1,1,1,in,in,in,lbs,FALSE,FALSE,DirectShip|InStorePickup|Delivery,,,,,
,,,,,,,,,,,,,PC_126-7,PC_126,umbrella243,,,,en-US,TRUE,0,0,USD,Configurable,2,2,3,TRUE,AllowBackOrder,L,white,100,1,1,1,1,in,in,in,lbs,FALSE,FALSE,DirectShip|InStorePickup|Delivery,,,,,
,,,,,,,,,,,,,PC_126-8,PC_126,umbrella244,,,,en-US,TRUE,0,0,USD,Configurable,2,2,3,TRUE,AllowBackOrder,M,white,100,1,1,1,1,in,in,in,lbs,FALSE,FALSE,DirectShip|InStorePickup|Delivery,,,,,
,SIZE,SIZE,size_1,List,String,TRUE,FALSE,"L,M,S",TRUE,Book8,Configurable,,PC_127,,umbrella245,RUBBER,Useful Short Product,UsefulLong Description,en-US,TRUE,100,100,USD,Configurable,2,2,3,TRUE,AllowBackOrder,,,,1,1,1,1,in,in,in,lbs,TRUE,TRUE,DirectShip|InStorePickup|Delivery,4.5,Rubber-elastic,RUBBER,Rubber-elastic,Live
,,,,,,,,,,,,,PC_127-1,PC_127,umbrella246,,,,en-US,TRUE,0,0,USD,Configurable,2,2,3,TRUE,AllowBackOrder,L,red,100,1,1,1,1,in,in,in,lbs,FALSE,FALSE,DirectShip|InStorePickup|Delivery,,,,,
,,,,,,,,,,,,,PC_127-2,PC_127,umbrella247,,,,en-US,TRUE,0,0,USD,Configurable,2,2,3,TRUE,AllowBackOrder,M,red,100,1,1,1,1,in,in,in,lbs,FALSE,FALSE,DirectShip|InStorePickup|Delivery,,,,,
,,,,,,,,,,,,,PC_127-3,PC_127,umbrella248,,,,en-US,TRUE,0,0,USD,Configurable,2,2,3,TRUE,AllowBackOrder,S,red,100,1,1,1,1,in,in,in,lbs,FALSE,FALSE,DirectShip|InStorePickup|Delivery,,,,,
,,,,,,,,,,,,,PC_127-4,PC_127,umbrella249,,,,en-US,TRUE,0,0,USD,Configurable,2,2,3,TRUE,AllowBackOrder,L,black,100,1,1,1,1,in,in,in,lbs,FALSE,FALSE,DirectShip|InStorePickup|Delivery,,,,,
,,,,,,,,,,,,,PC_127-5,PC_127,umbrella250,,,,en-US,TRUE,0,0,USD,Configurable,2,2,3,TRUE,AllowBackOrder,M,black,100,1,1,1,1,in,in,in,lbs,FALSE,FALSE,DirectShip|InStorePickup|Delivery,,,,,
,,,,,,,,,,,,,PC_127-6,PC_127,umbrella251,,,,en-US,TRUE,0,0,USD,Configurable,2,2,3,TRUE,AllowBackOrder,S,black,100,1,1,1,1,in,in,in,lbs,FALSE,FALSE,DirectShip|InStorePickup|Delivery,,,,,
,,,,,,,,,,,,,PC_127-7,PC_127,umbrella252,,,,en-US,TRUE,0,0,USD,Configurable,2,2,3,TRUE,AllowBackOrder,L,white,100,1,1,1,1,in,in,in,lbs,FALSE,FALSE,DirectShip|InStorePickup|Delivery,,,,,
,,,,,,,,,,,,,PC_127-8,PC_127,umbrella253,,,,en-US,TRUE,0,0,USD,Configurable,2,2,3,TRUE,AllowBackOrder,M,white,100,1,1,1,1,in,in,in,lbs,FALSE,FALSE,DirectShip|InStorePickup|Delivery,,,,,
,SIZE,SIZE,size_1,List,String,TRUE,FALSE,"L,M,S",TRUE,Book9,Configurable,,PC_128,,umbrella254,RUBBER,Useful Short Product,UsefulLong Description,en-US,TRUE,100,100,USD,Configurable,2,2,3,TRUE,AllowBackOrder,,,,1,1,1,1,in,in,in,lbs,TRUE,TRUE,DirectShip|InStorePickup|Delivery,4.5,Rubber-elastic,RUBBER,Rubber-elastic,Live
,,,,,,,,,,,,,PC_128-1,PC_128,umbrella255,,,,en-US,TRUE,0,0,USD,Configurable,2,2,3,TRUE,AllowBackOrder,L,red,100,1,1,1,1,in,in,in,lbs,FALSE,FALSE,DirectShip|InStorePickup|Delivery,,,,,
,,,,,,,,,,,,,PC_128-2,PC_128,umbrella256,,,,en-US,TRUE,0,0,USD,Configurable,2,2,3,TRUE,AllowBackOrder,M,red,100,1,1,1,1,in,in,in,lbs,FALSE,FALSE,DirectShip|InStorePickup|Delivery,,,,,
,,,,,,,,,,,,,PC_128-3,PC_128,umbrella257,,,,en-US,TRUE,0,0,USD,Configurable,2,2,3,TRUE,AllowBackOrder,S,red,100,1,1,1,1,in,in,in,lbs,FALSE,FALSE,DirectShip|InStorePickup|Delivery,,,,,
,,,,,,,,,,,,,PC_128-4,PC_128,umbrella258,,,,en-US,TRUE,0,0,USD,Configurable,2,2,3,TRUE,AllowBackOrder,L,black,100,1,1,1,1,in,in,in,lbs,FALSE,FALSE,DirectShip|InStorePickup|Delivery,,,,,
,,,,,,,,,,,,,PC_128-5,PC_128,umbrella259,,,,en-US,TRUE,0,0,USD,Configurable,2,2,3,TRUE,AllowBackOrder,M,black,100,1,1,1,1,in,in,in,lbs,FALSE,FALSE,DirectShip|InStorePickup|Delivery,,,,,
,,,,,,,,,,,,,PC_128-6,PC_128,umbrella260,,,,en-US,TRUE,0,0,USD,Configurable,2,2,3,TRUE,AllowBackOrder,S,black,100,1,1,1,1,in,in,in,lbs,FALSE,FALSE,DirectShip|InStorePickup|Delivery,,,,,
,,,,,,,,,,,,,PC_128-7,PC_128,umbrella261,,,,en-US,TRUE,0,0,USD,Configurable,2,2,3,TRUE,AllowBackOrder,L,white,100,1,1,1,1,in,in,in,lbs,FALSE,FALSE,DirectShip|InStorePickup|Delivery,,,,,
,,,,,,,,,,,,,PC_128-8,PC_128,umbrella262,,,,en-US,TRUE,0,0,USD,Configurable,2,2,3,TRUE,AllowBackOrder,M,white,100,1,1,1,1,in,in,in,lbs,FALSE,FALSE,DirectShip|InStorePickup|Delivery,,,,,
,SIZE,SIZE,size_1,List,String,TRUE,FALSE,"L,M,S",TRUE,Book10,Configurable,,PC_129,,umbrella263,RUBBER,Useful Short Product,UsefulLong Description,en-US,TRUE,100,100,USD,Configurable,2,2,3,TRUE,AllowBackOrder,,,,1,1,1,1,in,in,in,lbs,TRUE,TRUE,DirectShip|InStorePickup|Delivery,4.5,Rubber-elastic,RUBBER,Rubber-elastic,Live
,,,,,,,,,,,,,PC_129-1,PC_129,umbrella264,,,,en-US,TRUE,0,0,USD,Configurable,2,2,3,TRUE,AllowBackOrder,L,red,100,1,1,1,1,in,in,in,lbs,FALSE,FALSE,DirectShip|InStorePickup|Delivery,,,,,
,,,,,,,,,,,,,PC_129-2,PC_129,umbrella265,,,,en-US,TRUE,0,0,USD,Configurable,2,2,3,TRUE,AllowBackOrder,M,red,100,1,1,1,1,in,in,in,lbs,FALSE,FALSE,DirectShip|InStorePickup|Delivery,,,,,
,,,,,,,,,,,,,PC_129-3,PC_129,umbrella266,,,,en-US,TRUE,0,0,USD,Configurable,2,2,3,TRUE,AllowBackOrder,S,red,100,1,1,1,1,in,in,in,lbs,FALSE,FALSE,DirectShip|InStorePickup|Delivery,,,,,
,,,,,,,,,,,,,PC_129-4,PC_129,umbrella267,,,,en-US,TRUE,0,0,USD,Configurable,2,2,3,TRUE,AllowBackOrder,L,black,100,1,1,1,1,in,in,in,lbs,FALSE,FALSE,DirectShip|InStorePickup|Delivery,,,,,
,,,,,,,,,,,,,PC_129-5,PC_129,umbrella268,,,,en-US,TRUE,0,0,USD,Configurable,2,2,3,TRUE,AllowBackOrder,M,black,100,1,1,1,1,in,in,in,lbs,FALSE,FALSE,DirectShip|InStorePickup|Delivery,,,,,
,,,,,,,,,,,,,PC_129-6,PC_129,umbrella269,,,,en-US,TRUE,0,0,USD,Configurable,2,2,3,TRUE,AllowBackOrder,S,black,100,1,1,1,1,in,in,in,lbs,FALSE,FALSE,DirectShip|InStorePickup|Delivery,,,,,
,,,,,,,,,,,,,PC_129-7,PC_129,umbrella270,,,,en-US,TRUE,0,0,USD,Configurable,2,2,3,TRUE,AllowBackOrder,L,white,100,1,1,1,1,in,in,in,lbs,FALSE,FALSE,DirectShip|InStorePickup|Delivery,,,,,
,,,,,,,,,,,,,PC_129-8,PC_129,umbrella271,,,,en-US,TRUE,0,0,USD,Configurable,2,2,3,TRUE,AllowBackOrder,M,white,100,1,1,1,1,in,in,in,lbs,FALSE,FALSE,DirectShip|InStorePickup|Delivery,,,,,
,SIZE,SIZE,size_1,List,String,TRUE,FALSE,"L,M,S",TRUE,Book1,Configurable,,PC_130,,umbrella272,RUBBER,Useful Short Product,UsefulLong Description,en-US,TRUE,100,100,USD,Configurable,2,2,3,TRUE,AllowBackOrder,,,,1,1,1,1,in,in,in,lbs,TRUE,TRUE,DirectShip|InStorePickup|Delivery,4.5,Rubber-elastic,RUBBER,Rubber-elastic,Live
,,,,,,,,,,,,,PC_130-1,PC_130,umbrella273,,,,en-US,TRUE,0,0,USD,Configurable,2,2,3,TRUE,AllowBackOrder,L,red,100,1,1,1,1,in,in,in,lbs,FALSE,FALSE,DirectShip|InStorePickup|Delivery,,,,,
,,,,,,,,,,,,,PC_130-2,PC_130,umbrella274,,,,en-US,TRUE,0,0,USD,Configurable,2,2,3,TRUE,AllowBackOrder,M,red,100,1,1,1,1,in,in,in,lbs,FALSE,FALSE,DirectShip|InStorePickup|Delivery,,,,,
,,,,,,,,,,,,,PC_130-3,PC_130,umbrella275,,,,en-US,TRUE,0,0,USD,Configurable,2,2,3,TRUE,AllowBackOrder,S,red,100,1,1,1,1,in,in,in,lbs,FALSE,FALSE,DirectShip|InStorePickup|Delivery,,,,,
,,,,,,,,,,,,,PC_130-4,PC_130,umbrella276,,,,en-US,TRUE,0,0,USD,Configurable,2,2,3,TRUE,AllowBackOrder,L,black,100,1,1,1,1,in,in,in,lbs,FALSE,FALSE,DirectShip|InStorePickup|Delivery,,,,,
,,,,,,,,,,,,,PC_130-5,PC_130,umbrella277,,,,en-US,TRUE,0,0,USD,Configurable,2,2,3,TRUE,AllowBackOrder,M,black,100,1,1,1,1,in,in,in,lbs,FALSE,FALSE,DirectShip|InStorePickup|Delivery,,,,,
,,,,,,,,,,,,,PC_130-6,PC_130,umbrella278,,,,en-US,TRUE,0,0,USD,Configurable,2,2,3,TRUE,AllowBackOrder,S,black,100,1,1,1,1,in,in,in,lbs,FALSE,FALSE,DirectShip|InStorePickup|Delivery,,,,,
,,,,,,,,,,,,,PC_130-7,PC_130,umbrella279,,,,en-US,TRUE,0,0,USD,Configurable,2,2,3,TRUE,AllowBackOrder,L,white,100,1,1,1,1,in,in,in,lbs,FALSE,FALSE,DirectShip|InStorePickup|Delivery,,,,,
,,,,,,,,,,,,,PC_130-8,PC_130,umbrella280,,,,en-US,TRUE,0,0,USD,Configurable,2,2,3,TRUE,AllowBackOrder,M,white,100,1,1,1,1,in,in,in,lbs,FALSE,FALSE,DirectShip|InStorePickup|Delivery,,,,,
,SIZE,SIZE,size_1,List,String,TRUE,FALSE,"L,M,S",TRUE,Book2,Configurable,,PC_131,,umbrella281,RUBBER,Useful Short Product,UsefulLong Description,en-US,TRUE,100,100,USD,Configurable,2,2,3,TRUE,AllowBackOrder,,,,1,1,1,1,in,in,in,lbs,TRUE,TRUE,DirectShip|InStorePickup|Delivery,4.5,Rubber-elastic,RUBBER,Rubber-elastic,Live
,,,,,,,,,,,,,PC_131-1,PC_131,umbrella282,,,,en-US,TRUE,0,0,USD,Configurable,2,2,3,TRUE,AllowBackOrder,L,red,100,1,1,1,1,in,in,in,lbs,FALSE,FALSE,DirectShip|InStorePickup|Delivery,,,,,
,,,,,,,,,,,,,PC_131-2,PC_131,umbrella283,,,,en-US,TRUE,0,0,USD,Configurable,2,2,3,TRUE,AllowBackOrder,M,red,100,1,1,1,1,in,in,in,lbs,FALSE,FALSE,DirectShip|InStorePickup|Delivery,,,,,
,,,,,,,,,,,,,PC_131-3,PC_131,umbrella284,,,,en-US,TRUE,0,0,USD,Configurable,2,2,3,TRUE,AllowBackOrder,S,red,100,1,1,1,1,in,in,in,lbs,FALSE,FALSE,DirectShip|InStorePickup|Delivery,,,,,
,,,,,,,,,,,,,PC_131-4,PC_131,umbrella285,,,,en-US,TRUE,0,0,USD,Configurable,2,2,3,TRUE,AllowBackOrder,L,black,100,1,1,1,1,in,in,in,lbs,FALSE,FALSE,DirectShip|InStorePickup|Delivery,,,,,
,,,,,,,,,,,,,PC_131-5,PC_131,umbrella286,,,,en-US,TRUE,0,0,USD,Configurable,2,2,3,TRUE,AllowBackOrder,M,black,100,1,1,1,1,in,in,in,lbs,FALSE,FALSE,DirectShip|InStorePickup|Delivery,,,,,
,,,,,,,,,,,,,PC_131-6,PC_131,umbrella287,,,,en-US,TRUE,0,0,USD,Configurable,2,2,3,TRUE,AllowBackOrder,S,black,100,1,1,1,1,in,in,in,lbs,FALSE,FALSE,DirectShip|InStorePickup|Delivery,,,,,
,,,,,,,,,,,,,PC_131-7,PC_131,umbrella288,,,,en-US,TRUE,0,0,USD,Configurable,2,2,3,TRUE,AllowBackOrder,L,white,100,1,1,1,1,in,in,in,lbs,FALSE,FALSE,DirectShip|InStorePickup|Delivery,,,,,
,,,,,,,,,,,,,PC_131-8,PC_131,umbrella289,,,,en-US,TRUE,0,0,USD,Configurable,2,2,3,TRUE,AllowBackOrder,M,white,100,1,1,1,1,in,in,in,lbs,FALSE,FALSE,DirectShip|InStorePickup|Delivery,,,,,
,SIZE,SIZE,size_1,List,String,TRUE,FALSE,"L,M,S",TRUE,Book3,Configurable,,PC_132,,umbrella290,RUBBER,Useful Short Product,UsefulLong Description,en-US,TRUE,100,100,USD,Configurable,2,2,3,TRUE,AllowBackOrder,,,,1,1,1,1,in,in,in,lbs,TRUE,TRUE,DirectShip|InStorePickup|Delivery,4.5,Rubber-elastic,RUBBER,Rubber-elastic,Live
,,,,,,,,,,,,,PC_132-1,PC_132,umbrella291,,,,en-US,TRUE,0,0,USD,Configurable,2,2,3,TRUE,AllowBackOrder,L,red,100,1,1,1,1,in,in,in,lbs,FALSE,FALSE,DirectShip|InStorePickup|Delivery,,,,,
,,,,,,,,,,,,,PC_132-2,PC_132,umbrella292,,,,en-US,TRUE,0,0,USD,Configurable,2,2,3,TRUE,AllowBackOrder,M,red,100,1,1,1,1,in,in,in,lbs,FALSE,FALSE,DirectShip|InStorePickup|Delivery,,,,,
,,,,,,,,,,,,,PC_132-3,PC_132,umbrella293,,,,en-US,TRUE,0,0,USD,Configurable,2,2,3,TRUE,AllowBackOrder,S,red,100,1,1,1,1,in,in,in,lbs,FALSE,FALSE,DirectShip|InStorePickup|Delivery,,,,,
,,,,,,,,,,,,,PC_132-4,PC_132,umbrella294,,,,en-US,TRUE,0,0,USD,Configurable,2,2,3,TRUE,AllowBackOrder,L,black,100,1,1,1,1,in,in,in,lbs,FALSE,FALSE,DirectShip|InStorePickup|Delivery,,,,,
,,,,,,,,,,,,,PC_132-5,PC_132,umbrella295,,,,en-US,TRUE,0,0,USD,Configurable,2,2,3,TRUE,AllowBackOrder,M,black,100,1,1,1,1,in,in,in,lbs,FALSE,FALSE,DirectShip|InStorePickup|Delivery,,,,,
,,,,,,,,,,,,,PC_132-6,PC_132,umbrella296,,,,en-US,TRUE,0,0,USD,Configurable,2,2,3,TRUE,AllowBackOrder,S,black,100,1,1,1,1,in,in,in,lbs,FALSE,FALSE,DirectShip|InStorePickup|Delivery,,,,,
,,,,,,,,,,,,,PC_132-7,PC_132,umbrella297,,,,en-US,TRUE,0,0,USD,Configurable,2,2,3,TRUE,AllowBackOrder,L,white,100,1,1,1,1,in,in,in,lbs,FALSE,FALSE,DirectShip|InStorePickup|Delivery,,,,,
,,,,,,,,,,,,,PC_132-8,PC_132,umbrella298,,,,en-US,TRUE,0,0,USD,Configurable,2,2,3,TRUE,AllowBackOrder,M,white,100,1,1,1,1,in,in,in,lbs,FALSE,FALSE,DirectShip|InStorePickup|Delivery,,,,,
,SIZE,SIZE,size_1,List,String,TRUE,FALSE,"L,M,S",TRUE,Book4,Configurable,,PC_133,,umbrella299,RUBBER,Useful Short Product,UsefulLong Description,en-US,TRUE,100,100,USD,Configurable,2,2,3,TRUE,AllowBackOrder,,,,1,1,1,1,in,in,in,lbs,TRUE,TRUE,DirectShip|InStorePickup|Delivery,4.5,Rubber-elastic,RUBBER,Rubber-elastic,Live
,,,,,,,,,,,,,PC_133-1,PC_133,umbrella300,,,,en-US,TRUE,0,0,USD,Configurable,2,2,3,TRUE,AllowBackOrder,L,red,100,1,1,1,1,in,in,in,lbs,FALSE,FALSE,DirectShip|InStorePickup|Delivery,,,,,
,,,,,,,,,,,,,PC_133-2,PC_133,umbrella301,,,,en-US,TRUE,0,0,USD,Configurable,2,2,3,TRUE,AllowBackOrder,M,red,100,1,1,1,1,in,in,in,lbs,FALSE,FALSE,DirectShip|InStorePickup|Delivery,,,,,
,,,,,,,,,,,,,PC_133-3,PC_133,umbrella302,,,,en-US,TRUE,0,0,USD,Configurable,2,2,3,TRUE,AllowBackOrder,S,red,100,1,1,1,1,in,in,in,lbs,FALSE,FALSE,DirectShip|InStorePickup|Delivery,,,,,
,,,,,,,,,,,,,PC_133-4,PC_133,umbrella303,,,,en-US,TRUE,0,0,USD,Configurable,2,2,3,TRUE,AllowBackOrder,L,black,100,1,1,1,1,in,in,in,lbs,FALSE,FALSE,DirectShip|InStorePickup|Delivery,,,,,
,,,,,,,,,,,,,PC_133-5,PC_133,umbrella304,,,,en-US,TRUE,0,0,USD,Configurable,2,2,3,TRUE,AllowBackOrder,M,black,100,1,1,1,1,in,in,in,lbs,FALSE,FALSE,DirectShip|InStorePickup|Delivery,,,,,
,,,,,,,,,,,,,PC_133-6,PC_133,umbrella305,,,,en-US,TRUE,0,0,USD,Configurable,2,2,3,TRUE,AllowBackOrder,S,black,100,1,1,1,1,in,in,in,lbs,FALSE,FALSE,DirectShip|InStorePickup|Delivery,,,,,
,,,,,,,,,,,,,PC_133-7,PC_133,umbrella306,,,,en-US,TRUE,0,0,USD,Configurable,2,2,3,TRUE,AllowBackOrder,L,white,100,1,1,1,1,in,in,in,lbs,FALSE,FALSE,DirectShip|InStorePickup|Delivery,,,,,
,,,,,,,,,,,,,PC_133-8,PC_133,umbrella307,,,,en-US,TRUE,0,0,USD,Configurable,2,2,3,TRUE,AllowBackOrder,M,white,100,1,1,1,1,in,in,in,lbs,FALSE,FALSE,DirectShip|InStorePickup|Delivery,,,,,
,SIZE,SIZE,size_1,List,String,TRUE,FALSE,"L,M,S",TRUE,Book5,Configurable,,PC_134,,umbrella308,RUBBER,Useful Short Product,UsefulLong Description,en-US,TRUE,100,100,USD,Configurable,2,2,3,TRUE,AllowBackOrder,,,,1,1,1,1,in,in,in,lbs,TRUE,TRUE,DirectShip|InStorePickup|Delivery,4.5,Rubber-elastic,RUBBER,Rubber-elastic,Live
,,,,,,,,,,,,,PC_134-1,PC_134,umbrella309,,,,en-US,TRUE,0,0,USD,Configurable,2,2,3,TRUE,AllowBackOrder,L,red,100,1,1,1,1,in,in,in,lbs,FALSE,FALSE,DirectShip|InStorePickup|Delivery,,,,,
,,,,,,,,,,,,,PC_134-2,PC_134,umbrella310,,,,en-US,TRUE,0,0,USD,Configurable,2,2,3,TRUE,AllowBackOrder,M,red,100,1,1,1,1,in,in,in,lbs,FALSE,FALSE,DirectShip|InStorePickup|Delivery,,,,,
,,,,,,,,,,,,,PC_134-3,PC_134,umbrella311,,,,en-US,TRUE,0,0,USD,Configurable,2,2,3,TRUE,AllowBackOrder,S,red,100,1,1,1,1,in,in,in,lbs,FALSE,FALSE,DirectShip|InStorePickup|Delivery,,,,,
,,,,,,,,,,,,,PC_134-4,PC_134,umbrella312,,,,en-US,TRUE,0,0,USD,Configurable,2,2,3,TRUE,AllowBackOrder,L,black,100,1,1,1,1,in,in,in,lbs,FALSE,FALSE,DirectShip|InStorePickup|Delivery,,,,,
,,,,,,,,,,,,,PC_134-5,PC_134,umbrella313,,,,en-US,TRUE,0,0,USD,Configurable,2,2,3,TRUE,AllowBackOrder,M,black,100,1,1,1,1,in,in,in,lbs,FALSE,FALSE,DirectShip|InStorePickup|Delivery,,,,,
,,,,,,,,,,,,,PC_134-6,PC_134,umbrella314,,,,en-US,TRUE,0,0,USD,Configurable,2,2,3,TRUE,AllowBackOrder,S,black,100,1,1,1,1,in,in,in,lbs,FALSE,FALSE,DirectShip|InStorePickup|Delivery,,,,,
,,,,,,,,,,,,,PC_134-7,PC_134,umbrella315,,,,en-US,TRUE,0,0,USD,Configurable,2,2,3,TRUE,AllowBackOrder,L,white,100,1,1,1,1,in,in,in,lbs,FALSE,FALSE,DirectShip|InStorePickup|Delivery,,,,,
,,,,,,,,,,,,,PC_134-8,PC_134,umbrella316,,,,en-US,TRUE,0,0,USD,Configurable,2,2,3,TRUE,AllowBackOrder,M,white,100,1,1,1,1,in,in,in,lbs,FALSE,FALSE,DirectShip|InStorePickup|Delivery,,,,,
,SIZE,SIZE,size_1,List,String,TRUE,FALSE,"L,M,S",TRUE,Book6,Configurable,,PC_135,,umbrella317,RUBBER,Useful Short Product,UsefulLong Description,en-US,TRUE,100,100,USD,Configurable,2,2,3,TRUE,AllowBackOrder,,,,1,1,1,1,in,in,in,lbs,TRUE,TRUE,DirectShip|InStorePickup|Delivery,4.5,Rubber-elastic,RUBBER,Rubber-elastic,Live
,,,,,,,,,,,,,PC_135-1,PC_135,umbrella318,,,,en-US,TRUE,0,0,USD,Configurable,2,2,3,TRUE,AllowBackOrder,L,red,100,1,1,1,1,in,in,in,lbs,FALSE,FALSE,DirectShip|InStorePickup|Delivery,,,,,
,,,,,,,,,,,,,PC_135-2,PC_135,umbrella319,,,,en-US,TRUE,0,0,USD,Configurable,2,2,3,TRUE,AllowBackOrder,M,red,100,1,1,1,1,in,in,in,lbs,FALSE,FALSE,DirectShip|InStorePickup|Delivery,,,,,
,,,,,,,,,,,,,PC_135-3,PC_135,umbrella320,,,,en-US,TRUE,0,0,USD,Configurable,2,2,3,TRUE,AllowBackOrder,S,red,100,1,1,1,1,in,in,in,lbs,FALSE,FALSE,DirectShip|InStorePickup|Delivery,,,,,
,,,,,,,,,,,,,PC_135-4,PC_135,umbrella321,,,,en-US,TRUE,0,0,USD,Configurable,2,2,3,TRUE,AllowBackOrder,L,black,100,1,1,1,1,in,in,in,lbs,FALSE,FALSE,DirectShip|InStorePickup|Delivery,,,,,
,,,,,,,,,,,,,PC_135-5,PC_135,umbrella322,,,,en-US,TRUE,0,0,USD,Configurable,2,2,3,TRUE,AllowBackOrder,M,black,100,1,1,1,1,in,in,in,lbs,FALSE,FALSE,DirectShip|InStorePickup|Delivery,,,,,
,,,,,,,,,,,,,PC_135-6,PC_135,umbrella323,,,,en-US,TRUE,0,0,USD,Configurable,2,2,3,TRUE,AllowBackOrder,S,black,100,1,1,1,1,in,in,in,lbs,FALSE,FALSE,DirectShip|InStorePickup|Delivery,,,,,
,,,,,,,,,,,,,PC_135-7,PC_135,umbrella324,,,,en-US,TRUE,0,0,USD,Configurable,2,2,3,TRUE,AllowBackOrder,L,white,100,1,1,1,1,in,in,in,lbs,FALSE,FALSE,DirectShip|InStorePickup|Delivery,,,,,
,,,,,,,,,,,,,PC_135-8,PC_135,umbrella325,,,,en-US,TRUE,0,0,USD,Configurable,2,2,3,TRUE,AllowBackOrder,M,white,100,1,1,1,1,in,in,in,lbs,FALSE,FALSE,DirectShip|InStorePickup|Delivery,,,,,
,SIZE,SIZE,size_1,List,String,TRUE,FALSE,"L,M,S",TRUE,Book7,Configurable,,PC_136,,umbrella326,RUBBER,Useful Short Product,UsefulLong Description,en-US,TRUE,100,100,USD,Configurable,2,2,3,TRUE,AllowBackOrder,,,,1,1,1,1,in,in,in,lbs,TRUE,TRUE,DirectShip|InStorePickup|Delivery,4.5,Rubber-elastic,RUBBER,Rubber-elastic,Live
,,,,,,,,,,,,,PC_136-1,PC_136,umbrella327,,,,en-US,TRUE,0,0,USD,Configurable,2,2,3,TRUE,AllowBackOrder,L,red,100,1,1,1,1,in,in,in,lbs,FALSE,FALSE,DirectShip|InStorePickup|Delivery,,,,,
,,,,,,,,,,,,,PC_136-2,PC_136,umbrella328,,,,en-US,TRUE,0,0,USD,Configurable,2,2,3,TRUE,AllowBackOrder,M,red,100,1,1,1,1,in,in,in,lbs,FALSE,FALSE,DirectShip|InStorePickup|Delivery,,,,,
,,,,,,,,,,,,,PC_136-3,PC_136,umbrella329,,,,en-US,TRUE,0,0,USD,Configurable,2,2,3,TRUE,AllowBackOrder,S,red,100,1,1,1,1,in,in,in,lbs,FALSE,FALSE,DirectShip|InStorePickup|Delivery,,,,,
,,,,,,,,,,,,,PC_136-4,PC_136,umbrella330,,,,en-US,TRUE,0,0,USD,Configurable,2,2,3,TRUE,AllowBackOrder,L,black,100,1,1,1,1,in,in,in,lbs,FALSE,FALSE,DirectShip|InStorePickup|Delivery,,,,,
,,,,,,,,,,,,,PC_136-5,PC_136,umbrella331,,,,en-US,TRUE,0,0,USD,Configurable,2,2,3,TRUE,AllowBackOrder,M,black,100,1,1,1,1,in,in,in,lbs,FALSE,FALSE,DirectShip|InStorePickup|Delivery,,,,,
,,,,,,,,,,,,,PC_136-6,PC_136,umbrella332,,,,en-US,TRUE,0,0,USD,Configurable,2,2,3,TRUE,AllowBackOrder,S,black,100,1,1,1,1,in,in,in,lbs,FALSE,FALSE,DirectShip|InStorePickup|Delivery,,,,,
,,,,,,,,,,,,,PC_136-7,PC_136,umbrella333,,,,en-US,TRUE,0,0,USD,Configurable,2,2,3,TRUE,AllowBackOrder,L,white,100,1,1,1,1,in,in,in,lbs,FALSE,FALSE,DirectShip|InStorePickup|Delivery,,,,,
,,,,,,,,,,,,,PC_136-8,PC_136,umbrella334,,,,en-US,TRUE,0,0,USD,Configurable,2,2,3,TRUE,AllowBackOrder,M,white,100,1,1,1,1,in,in,in,lbs,FALSE,FALSE,DirectShip|InStorePickup|Delivery,,,,,
,SIZE,SIZE,size_1,List,String,TRUE,FALSE,"L,M,S",TRUE,Book8,Configurable,,PC_137,,umbrella335,RUBBER,Useful Short Product,UsefulLong Description,en-US,TRUE,100,100,USD,Configurable,2,2,3,TRUE,AllowBackOrder,,,,1,1,1,1,in,in,in,lbs,TRUE,TRUE,DirectShip|InStorePickup|Delivery,4.5,Rubber-elastic,RUBBER,Rubber-elastic,Live
,,,,,,,,,,,,,PC_137-1,PC_137,umbrella336,,,,en-US,TRUE,0,0,USD,Configurable,2,2,3,TRUE,AllowBackOrder,L,red,100,1,1,1,1,in,in,in,lbs,FALSE,FALSE,DirectShip|InStorePickup|Delivery,,,,,
,,,,,,,,,,,,,PC_137-2,PC_137,umbrella337,,,,en-US,TRUE,0,0,USD,Configurable,2,2,3,TRUE,AllowBackOrder,M,red,100,1,1,1,1,in,in,in,lbs,FALSE,FALSE,DirectShip|InStorePickup|Delivery,,,,,
,,,,,,,,,,,,,PC_137-3,PC_137,umbrella338,,,,en-US,TRUE,0,0,USD,Configurable,2,2,3,TRUE,AllowBackOrder,S,red,100,1,1,1,1,in,in,in,lbs,FALSE,FALSE,DirectShip|InStorePickup|Delivery,,,,,
,,,,,,,,,,,,,PC_137-4,PC_137,umbrella339,,,,en-US,TRUE,0,0,USD,Configurable,2,2,3,TRUE,AllowBackOrder,L,black,100,1,1,1,1,in,in,in,lbs,FALSE,FALSE,DirectShip|InStorePickup|Delivery,,,,,
,,,,,,,,,,,,,PC_137-5,PC_137,umbrella340,,,,en-US,TRUE,0,0,USD,Configurable,2,2,3,TRUE,AllowBackOrder,M,black,100,1,1,1,1,in,in,in,lbs,FALSE,FALSE,DirectShip|InStorePickup|Delivery,,,,,
,,,,,,,,,,,,,PC_137-6,PC_137,umbrella341,,,,en-US,TRUE,0,0,USD,Configurable,2,2,3,TRUE,AllowBackOrder,S,black,100,1,1,1,1,in,in,in,lbs,FALSE,FALSE,DirectShip|InStorePickup|Delivery,,,,,
,,,,,,,,,,,,,PC_137-7,PC_137,umbrella342,,,,en-US,TRUE,0,0,USD,Configurable,2,2,3,TRUE,AllowBackOrder,L,white,100,1,1,1,1,in,in,in,lbs,FALSE,FALSE,DirectShip|InStorePickup|Delivery,,,,,
,,,,,,,,,,,,,PC_137-8,PC_137,umbrella343,,,,en-US,TRUE,0,0,USD,Configurable,2,2,3,TRUE,AllowBackOrder,M,white,100,1,1,1,1,in,in,in,lbs,FALSE,FALSE,DirectShip|InStorePickup|Delivery,,,,,
,SIZE,SIZE,size_1,List,String,TRUE,FALSE,"L,M,S",TRUE,Book9,Configurable,,PC_138,,umbrella344,RUBBER,Useful Short Product,UsefulLong Description,en-US,TRUE,100,100,USD,Configurable,2,2,3,TRUE,AllowBackOrder,,,,1,1,1,1,in,in,in,lbs,TRUE,TRUE,DirectShip|InStorePickup|Delivery,4.5,Rubber-elastic,RUBBER,Rubber-elastic,Live
,,,,,,,,,,,,,PC_138-1,PC_138,umbrella345,,,,en-US,TRUE,0,0,USD,Configurable,2,2,3,TRUE,AllowBackOrder,L,red,100,1,1,1,1,in,in,in,lbs,FALSE,FALSE,DirectShip|InStorePickup|Delivery,,,,,
,,,,,,,,,,,,,PC_138-2,PC_138,umbrella346,,,,en-US,TRUE,0,0,USD,Configurable,2,2,3,TRUE,AllowBackOrder,M,red,100,1,1,1,1,in,in,in,lbs,FALSE,FALSE,DirectShip|InStorePickup|Delivery,,,,,
,,,,,,,,,,,,,PC_138-3,PC_138,umbrella347,,,,en-US,TRUE,0,0,USD,Configurable,2,2,3,TRUE,AllowBackOrder,S,red,100,1,1,1,1,in,in,in,lbs,FALSE,FALSE,DirectShip|InStorePickup|Delivery,,,,,
,,,,,,,,,,,,,PC_138-4,PC_138,umbrella348,,,,en-US,TRUE,0,0,USD,Configurable,2,2,3,TRUE,AllowBackOrder,L,black,100,1,1,1,1,in,in,in,lbs,FALSE,FALSE,DirectShip|InStorePickup|Delivery,,,,,
,,,,,,,,,,,,,PC_138-5,PC_138,umbrella349,,,,en-US,TRUE,0,0,USD,Configurable,2,2,3,TRUE,AllowBackOrder,M,black,100,1,1,1,1,in,in,in,lbs,FALSE,FALSE,DirectShip|InStorePickup|Delivery,,,,,
,,,,,,,,,,,,,PC_138-6,PC_138,umbrella350,,,,en-US,TRUE,0,0,USD,Configurable,2,2,3,TRUE,AllowBackOrder,S,black,100,1,1,1,1,in,in,in,lbs,FALSE,FALSE,DirectShip|InStorePickup|Delivery,,,,,
,,,,,,,,,,,,,PC_138-7,PC_138,umbrella351,,,,en-US,TRUE,0,0,USD,Configurable,2,2,3,TRUE,AllowBackOrder,L,white,100,1,1,1,1,in,in,in,lbs,FALSE,FALSE,DirectShip|InStorePickup|Delivery,,,,,
,,,,,,,,,,,,,PC_138-8,PC_138,umbrella352,,,,en-US,TRUE,0,0,USD,Configurable,2,2,3,TRUE,AllowBackOrder,M,white,100,1,1,1,1,in,in,in,lbs,FALSE,FALSE,DirectShip|InStorePickup|Delivery,,,,,
,SIZE,SIZE,size_1,List,String,TRUE,FALSE,"L,M,S",TRUE,Book10,Configurable,,PC_139,,umbrella353,RUBBER,Useful Short Product,UsefulLong Description,en-US,TRUE,100,100,USD,Configurable,2,2,3,TRUE,AllowBackOrder,,,,1,1,1,1,in,in,in,lbs,TRUE,TRUE,DirectShip|InStorePickup|Delivery,4.5,Rubber-elastic,RUBBER,Rubber-elastic,Live
,,,,,,,,,,,,,PC_139-1,PC_139,umbrella354,,,,en-US,TRUE,0,0,USD,Configurable,2,2,3,TRUE,AllowBackOrder,L,red,100,1,1,1,1,in,in,in,lbs,FALSE,FALSE,DirectShip|InStorePickup|Delivery,,,,,
,,,,,,,,,,,,,PC_139-2,PC_139,umbrella355,,,,en-US,TRUE,0,0,USD,Configurable,2,2,3,TRUE,AllowBackOrder,M,red,100,1,1,1,1,in,in,in,lbs,FALSE,FALSE,DirectShip|InStorePickup|Delivery,,,,,
,,,,,,,,,,,,,PC_139-3,PC_139,umbrella356,,,,en-US,TRUE,0,0,USD,Configurable,2,2,3,TRUE,AllowBackOrder,S,red,100,1,1,1,1,in,in,in,lbs,FALSE,FALSE,DirectShip|InStorePickup|Delivery,,,,,
,,,,,,,,,,,,,PC_139-4,PC_139,umbrella357,,,,en-US,TRUE,0,0,USD,Configurable,2,2,3,TRUE,AllowBackOrder,L,black,100,1,1,1,1,in,in,in,lbs,FALSE,FALSE,DirectShip|InStorePickup|Delivery,,,,,
,,,,,,,,,,,,,PC_139-5,PC_139,umbrella358,,,,en-US,TRUE,0,0,USD,Configurable,2,2,3,TRUE,AllowBackOrder,M,black,100,1,1,1,1,in,in,in,lbs,FALSE,FALSE,DirectShip|InStorePickup|Delivery,,,,,
,,,,,,,,,,,,,PC_139-6,PC_139,umbrella359,,,,en-US,TRUE,0,0,USD,Configurable,2,2,3,TRUE,AllowBackOrder,S,black,100,1,1,1,1,in,in,in,lbs,FALSE,FALSE,DirectShip|InStorePickup|Delivery,,,,,
,,,,,,,,,,,,,PC_139-7,PC_139,umbrella360,,,,en-US,TRUE,0,0,USD,Configurable,2,2,3,TRUE,AllowBackOrder,L,white,100,1,1,1,1,in,in,in,lbs,FALSE,FALSE,DirectShip|InStorePickup|Delivery,,,,,
,,,,,,,,,,,,,PC_139-8,PC_139,umbrella361,,,,en-US,TRUE,0,0,USD,Configurable,2,2,3,TRUE,AllowBackOrder,M,white,100,1,1,1,1,in,in,in,lbs,FALSE,FALSE,DirectShip|InStorePickup|Delivery,,,,,
,SIZE,SIZE,size_1,List,String,TRUE,FALSE,"L,M,S",TRUE,Book1,Configurable,,PC_140,,umbrella362,RUBBER,Useful Short Product,UsefulLong Description,en-US,TRUE,100,100,USD,Configurable,2,2,3,TRUE,AllowBackOrder,,,,1,1,1,1,in,in,in,lbs,TRUE,TRUE,DirectShip|InStorePickup|Delivery,4.5,Rubber-elastic,RUBBER,Rubber-elastic,Live
,,,,,,,,,,,,,PC_140-1,PC_140,umbrella363,,,,en-US,TRUE,0,0,USD,Configurable,2,2,3,TRUE,AllowBackOrder,L,red,100,1,1,1,1,in,in,in,lbs,FALSE,FALSE,DirectShip|InStorePickup|Delivery,,,,,
,,,,,,,,,,,,,PC_140-2,PC_140,umbrella364,,,,en-US,TRUE,0,0,USD,Configurable,2,2,3,TRUE,AllowBackOrder,M,red,100,1,1,1,1,in,in,in,lbs,FALSE,FALSE,DirectShip|InStorePickup|Delivery,,,,,
,,,,,,,,,,,,,PC_140-3,PC_140,umbrella365,,,,en-US,TRUE,0,0,USD,Configurable,2,2,3,TRUE,AllowBackOrder,S,red,100,1,1,1,1,in,in,in,lbs,FALSE,FALSE,DirectShip|InStorePickup|Delivery,,,,,
,,,,,,,,,,,,,PC_140-4,PC_140,umbrella366,,,,en-US,TRUE,0,0,USD,Configurable,2,2,3,TRUE,AllowBackOrder,L,black,100,1,1,1,1,in,in,in,lbs,FALSE,FALSE,DirectShip|InStorePickup|Delivery,,,,,
,,,,,,,,,,,,,PC_140-5,PC_140,umbrella367,,,,en-US,TRUE,0,0,USD,Configurable,2,2,3,TRUE,AllowBackOrder,M,black,100,1,1,1,1,in,in,in,lbs,FALSE,FALSE,DirectShip|InStorePickup|Delivery,,,,,
,,,,,,,,,,,,,PC_140-6,PC_140,umbrella368,,,,en-US,TRUE,0,0,USD,Configurable,2,2,3,TRUE,AllowBackOrder,S,black,100,1,1,1,1,in,in,in,lbs,FALSE,FALSE,DirectShip|InStorePickup|Delivery,,,,,
,,,,,,,,,,,,,PC_140-7,PC_140,umbrella369,,,,en-US,TRUE,0,0,USD,Configurable,2,2,3,TRUE,AllowBackOrder,L,white,100,1,1,1,1,in,in,in,lbs,FALSE,FALSE,DirectShip|InStorePickup|Delivery,,,,,
,,,,,,,,,,,,,PC_140-8,PC_140,umbrella370,,,,en-US,TRUE,0,0,USD,Configurable,2,2,3,TRUE,AllowBackOrder,M,white,100,1,1,1,1,in,in,in,lbs,FALSE,FALSE,DirectShip|InStorePickup|Delivery,,,,,
,SIZE,SIZE,size_1,List,String,TRUE,FALSE,"L,M,S",TRUE,Book2,Configurable,,PC_141,,umbrella371,RUBBER,Useful Short Product,UsefulLong Description,en-US,TRUE,100,100,USD,Configurable,2,2,3,TRUE,AllowBackOrder,,,,1,1,1,1,in,in,in,lbs,TRUE,TRUE,DirectShip|InStorePickup|Delivery,4.5,Rubber-elastic,RUBBER,Rubber-elastic,Live
,,,,,,,,,,,,,PC_141-1,PC_141,umbrella372,,,,en-US,TRUE,0,0,USD,Configurable,2,2,3,TRUE,AllowBackOrder,L,red,100,1,1,1,1,in,in,in,lbs,FALSE,FALSE,DirectShip|InStorePickup|Delivery,,,,,
,,,,,,,,,,,,,PC_141-2,PC_141,umbrella373,,,,en-US,TRUE,0,0,USD,Configurable,2,2,3,TRUE,AllowBackOrder,M,red,100,1,1,1,1,in,in,in,lbs,FALSE,FALSE,DirectShip|InStorePickup|Delivery,,,,,
,,,,,,,,,,,,,PC_141-3,PC_141,umbrella374,,,,en-US,TRUE,0,0,USD,Configurable,2,2,3,TRUE,AllowBackOrder,S,red,100,1,1,1,1,in,in,in,lbs,FALSE,FALSE,DirectShip|InStorePickup|Delivery,,,,,
,,,,,,,,,,,,,PC_141-4,PC_141,umbrella375,,,,en-US,TRUE,0,0,USD,Configurable,2,2,3,TRUE,AllowBackOrder,L,black,100,1,1,1,1,in,in,in,lbs,FALSE,FALSE,DirectShip|InStorePickup|Delivery,,,,,
,,,,,,,,,,,,,PC_141-5,PC_141,umbrella376,,,,en-US,TRUE,0,0,USD,Configurable,2,2,3,TRUE,AllowBackOrder,M,black,100,1,1,1,1,in,in,in,lbs,FALSE,FALSE,DirectShip|InStorePickup|Delivery,,,,,
,,,,,,,,,,,,,PC_141-6,PC_141,umbrella377,,,,en-US,TRUE,0,0,USD,Configurable,2,2,3,TRUE,AllowBackOrder,S,black,100,1,1,1,1,in,in,in,lbs,FALSE,FALSE,DirectShip|InStorePickup|Delivery,,,,,
,,,,,,,,,,,,,PC_141-7,PC_141,umbrella378,,,,en-US,TRUE,0,0,USD,Configurable,2,2,3,TRUE,AllowBackOrder,L,white,100,1,1,1,1,in,in,in,lbs,FALSE,FALSE,DirectShip|InStorePickup|Delivery,,,,,
,,,,,,,,,,,,,PC_141-8,PC_141,umbrella379,,,,en-US,TRUE,0,0,USD,Configurable,2,2,3,TRUE,AllowBackOrder,M,white,100,1,1,1,1,in,in,in,lbs,FALSE,FALSE,DirectShip|InStorePickup|Delivery,,,,,
,SIZE,SIZE,size_1,List,String,TRUE,FALSE,"L,M,S",TRUE,Book3,Configurable,,PC_142,,umbrella380,RUBBER,Useful Short Product,UsefulLong Description,en-US,TRUE,100,100,USD,Configurable,2,2,3,TRUE,AllowBackOrder,,,,1,1,1,1,in,in,in,lbs,TRUE,TRUE,DirectShip|InStorePickup|Delivery,4.5,Rubber-elastic,RUBBER,Rubber-elastic,Live
,,,,,,,,,,,,,PC_142-1,PC_142,umbrella381,,,,en-US,TRUE,0,0,USD,Configurable,2,2,3,TRUE,AllowBackOrder,L,red,100,1,1,1,1,in,in,in,lbs,FALSE,FALSE,DirectShip|InStorePickup|Delivery,,,,,
,,,,,,,,,,,,,PC_142-2,PC_142,umbrella382,,,,en-US,TRUE,0,0,USD,Configurable,2,2,3,TRUE,AllowBackOrder,M,red,100,1,1,1,1,in,in,in,lbs,FALSE,FALSE,DirectShip|InStorePickup|Delivery,,,,,
,,,,,,,,,,,,,PC_142-3,PC_142,umbrella383,,,,en-US,TRUE,0,0,USD,Configurable,2,2,3,TRUE,AllowBackOrder,S,red,100,1,1,1,1,in,in,in,lbs,FALSE,FALSE,DirectShip|InStorePickup|Delivery,,,,,
,,,,,,,,,,,,,PC_142-4,PC_142,umbrella384,,,,en-US,TRUE,0,0,USD,Configurable,2,2,3,TRUE,AllowBackOrder,L,black,100,1,1,1,1,in,in,in,lbs,FALSE,FALSE,DirectShip|InStorePickup|Delivery,,,,,
,,,,,,,,,,,,,PC_142-5,PC_142,umbrella385,,,,en-US,TRUE,0,0,USD,Configurable,2,2,3,TRUE,AllowBackOrder,M,black,100,1,1,1,1,in,in,in,lbs,FALSE,FALSE,DirectShip|InStorePickup|Delivery,,,,,
,,,,,,,,,,,,,PC_142-6,PC_142,umbrella386,,,,en-US,TRUE,0,0,USD,Configurable,2,2,3,TRUE,AllowBackOrder,S,black,100,1,1,1,1,in,in,in,lbs,FALSE,FALSE,DirectShip|InStorePickup|Delivery,,,,,
,,,,,,,,,,,,,PC_142-7,PC_142,umbrella387,,,,en-US,TRUE,0,0,USD,Configurable,2,2,3,TRUE,AllowBackOrder,L,white,100,1,1,1,1,in,in,in,lbs,FALSE,FALSE,DirectShip|InStorePickup|Delivery,,,,,
,,,,,,,,,,,,,PC_142-8,PC_142,umbrella388,,,,en-US,TRUE,0,0,USD,Configurable,2,2,3,TRUE,AllowBackOrder,M,white,100,1,1,1,1,in,in,in,lbs,FALSE,FALSE,DirectShip|InStorePickup|Delivery,,,,,
,SIZE,SIZE,size_1,List,String,TRUE,FALSE,"L,M,S",TRUE,Book4,Configurable,,PC_143,,umbrella389,RUBBER,Useful Short Product,UsefulLong Description,en-US,TRUE,100,100,USD,Configurable,2,2,3,TRUE,AllowBackOrder,,,,1,1,1,1,in,in,in,lbs,TRUE,TRUE,DirectShip|InStorePickup|Delivery,4.5,Rubber-elastic,RUBBER,Rubber-elastic,Live
,,,,,,,,,,,,,PC_143-1,PC_143,umbrella390,,,,en-US,TRUE,0,0,USD,Configurable,2,2,3,TRUE,AllowBackOrder,L,red,100,1,1,1,1,in,in,in,lbs,FALSE,FALSE,DirectShip|InStorePickup|Delivery,,,,,
,,,,,,,,,,,,,PC_143-2,PC_143,umbrella391,,,,en-US,TRUE,0,0,USD,Configurable,2,2,3,TRUE,AllowBackOrder,M,red,100,1,1,1,1,in,in,in,lbs,FALSE,FALSE,DirectShip|InStorePickup|Delivery,,,,,
,,,,,,,,,,,,,PC_143-3,PC_143,umbrella392,,,,en-US,TRUE,0,0,USD,Configurable,2,2,3,TRUE,AllowBackOrder,S,red,100,1,1,1,1,in,in,in,lbs,FALSE,FALSE,DirectShip|InStorePickup|Delivery,,,,,
,,,,,,,,,,,,,PC_143-4,PC_143,umbrella393,,,,en-US,TRUE,0,0,USD,Configurable,2,2,3,TRUE,AllowBackOrder,L,black,100,1,1,1,1,in,in,in,lbs,FALSE,FALSE,DirectShip|InStorePickup|Delivery,,,,,
,,,,,,,,,,,,,PC_143-5,PC_143,umbrella394,,,,en-US,TRUE,0,0,USD,Configurable,2,2,3,TRUE,AllowBackOrder,M,black,100,1,1,1,1,in,in,in,lbs,FALSE,FALSE,DirectShip|InStorePickup|Delivery,,,,,
,,,,,,,,,,,,,PC_143-6,PC_143,umbrella395,,,,en-US,TRUE,0,0,USD,Configurable,2,2,3,TRUE,AllowBackOrder,S,black,100,1,1,1,1,in,in,in,lbs,FALSE,FALSE,DirectShip|InStorePickup|Delivery,,,,,
,,,,,,,,,,,,,PC_143-7,PC_143,umbrella396,,,,en-US,TRUE,0,0,USD,Configurable,2,2,3,TRUE,AllowBackOrder,L,white,100,1,1,1,1,in,in,in,lbs,FALSE,FALSE,DirectShip|InStorePickup|Delivery,,,,,
,,,,,,,,,,,,,PC_143-8,PC_143,umbrella397,,,,en-US,TRUE,0,0,USD,Configurable,2,2,3,TRUE,AllowBackOrder,M,white,100,1,1,1,1,in,in,in,lbs,FALSE,FALSE,DirectShip|InStorePickup|Delivery,,,,,
,SIZE,SIZE,size_1,List,String,TRUE,FALSE,"L,M,S",TRUE,Book5,Configurable,,PC_144,,umbrella398,RUBBER,Useful Short Product,UsefulLong Description,en-US,TRUE,100,100,USD,Configurable,2,2,3,TRUE,AllowBackOrder,,,,1,1,1,1,in,in,in,lbs,TRUE,TRUE,DirectShip|InStorePickup|Delivery,4.5,Rubber-elastic,RUBBER,Rubber-elastic,Live
,,,,,,,,,,,,,PC_144-1,PC_144,umbrella399,,,,en-US,TRUE,0,0,USD,Configurable,2,2,3,TRUE,AllowBackOrder,L,red,100,1,1,1,1,in,in,in,lbs,FALSE,FALSE,DirectShip|InStorePickup|Delivery,,,,,
,,,,,,,,,,,,,PC_144-2,PC_144,umbrella400,,,,en-US,TRUE,0,0,USD,Configurable,2,2,3,TRUE,AllowBackOrder,M,red,100,1,1,1,1,in,in,in,lbs,FALSE,FALSE,DirectShip|InStorePickup|Delivery,,,,,
,,,,,,,,,,,,,PC_144-3,PC_144,umbrella401,,,,en-US,TRUE,0,0,USD,Configurable,2,2,3,TRUE,AllowBackOrder,S,red,100,1,1,1,1,in,in,in,lbs,FALSE,FALSE,DirectShip|InStorePickup|Delivery,,,,,
,,,,,,,,,,,,,PC_144-4,PC_144,umbrella402,,,,en-US,TRUE,0,0,USD,Configurable,2,2,3,TRUE,AllowBackOrder,L,black,100,1,1,1,1,in,in,in,lbs,FALSE,FALSE,DirectShip|InStorePickup|Delivery,,,,,
,,,,,,,,,,,,,PC_144-5,PC_144,umbrella403,,,,en-US,TRUE,0,0,USD,Configurable,2,2,3,TRUE,AllowBackOrder,M,black,100,1,1,1,1,in,in,in,lbs,FALSE,FALSE,DirectShip|InStorePickup|Delivery,,,,,
,,,,,,,,,,,,,PC_144-6,PC_144,umbrella404,,,,en-US,TRUE,0,0,USD,Configurable,2,2,3,TRUE,AllowBackOrder,S,black,100,1,1,1,1,in,in,in,lbs,FALSE,FALSE,DirectShip|InStorePickup|Delivery,,,,,
,,,,,,,,,,,,,PC_144-7,PC_144,umbrella405,,,,en-US,TRUE,0,0,USD,Configurable,2,2,3,TRUE,AllowBackOrder,L,white,100,1,1,1,1,in,in,in,lbs,FALSE,FALSE,DirectShip|InStorePickup|Delivery,,,,,
,,,,,,,,,,,,,PC_144-8,PC_144,umbrella406,,,,en-US,TRUE,0,0,USD,Configurable,2,2,3,TRUE,AllowBackOrder,M,white,100,1,1,1,1,in,in,in,lbs,FALSE,FALSE,DirectShip|InStorePickup|Delivery,,,,,
,SIZE,SIZE,size_1,List,String,TRUE,FALSE,"L,M,S",TRUE,Book6,Configurable,,PC_145,,umbrella407,RUBBER,Useful Short Product,UsefulLong Description,en-US,TRUE,100,100,USD,Configurable,2,2,3,TRUE,AllowBackOrder,,,,1,1,1,1,in,in,in,lbs,TRUE,TRUE,DirectShip|InStorePickup|Delivery,4.5,Rubber-elastic,RUBBER,Rubber-elastic,Live
,,,,,,,,,,,,,PC_145-1,PC_145,umbrella408,,,,en-US,TRUE,0,0,USD,Configurable,2,2,3,TRUE,AllowBackOrder,L,red,100,1,1,1,1,in,in,in,lbs,FALSE,FALSE,DirectShip|InStorePickup|Delivery,,,,,
,,,,,,,,,,,,,PC_145-2,PC_145,umbrella409,,,,en-US,TRUE,0,0,USD,Configurable,2,2,3,TRUE,AllowBackOrder,M,red,100,1,1,1,1,in,in,in,lbs,FALSE,FALSE,DirectShip|InStorePickup|Delivery,,,,,
,,,,,,,,,,,,,PC_145-3,PC_145,umbrella410,,,,en-US,TRUE,0,0,USD,Configurable,2,2,3,TRUE,AllowBackOrder,S,red,100,1,1,1,1,in,in,in,lbs,FALSE,FALSE,DirectShip|InStorePickup|Delivery,,,,,
,,,,,,,,,,,,,PC_145-4,PC_145,umbrella411,,,,en-US,TRUE,0,0,USD,Configurable,2,2,3,TRUE,AllowBackOrder,L,black,100,1,1,1,1,in,in,in,lbs,FALSE,FALSE,DirectShip|InStorePickup|Delivery,,,,,
,,,,,,,,,,,,,PC_145-5,PC_145,umbrella412,,,,en-US,TRUE,0,0,USD,Configurable,2,2,3,TRUE,AllowBackOrder,M,black,100,1,1,1,1,in,in,in,lbs,FALSE,FALSE,DirectShip|InStorePickup|Delivery,,,,,
,,,,,,,,,,,,,PC_145-6,PC_145,umbrella413,,,,en-US,TRUE,0,0,USD,Configurable,2,2,3,TRUE,AllowBackOrder,S,black,100,1,1,1,1,in,in,in,lbs,FALSE,FALSE,DirectShip|InStorePickup|Delivery,,,,,
,,,,,,,,,,,,,PC_145-7,PC_145,umbrella414,,,,en-US,TRUE,0,0,USD,Configurable,2,2,3,TRUE,AllowBackOrder,L,white,100,1,1,1,1,in,in,in,lbs,FALSE,FALSE,DirectShip|InStorePickup|Delivery,,,,,
,,,,,,,,,,,,,PC_145-8,PC_145,umbrella415,,,,en-US,TRUE,0,0,USD,Configurable,2,2,3,TRUE,AllowBackOrder,M,white,100,1,1,1,1,in,in,in,lbs,FALSE,FALSE,DirectShip|InStorePickup|Delivery,,,,,
,SIZE,SIZE,size_1,List,String,TRUE,FALSE,"L,M,S",TRUE,Book7,Configurable,,PC_146,,umbrella416,RUBBER,Useful Short Product,UsefulLong Description,en-US,TRUE,100,100,USD,Configurable,2,2,3,TRUE,AllowBackOrder,,,,1,1,1,1,in,in,in,lbs,TRUE,TRUE,DirectShip|InStorePickup|Delivery,4.5,Rubber-elastic,RUBBER,Rubber-elastic,Live
,,,,,,,,,,,,,PC_146-1,PC_146,umbrella417,,,,en-US,TRUE,0,0,USD,Configurable,2,2,3,TRUE,AllowBackOrder,L,red,100,1,1,1,1,in,in,in,lbs,FALSE,FALSE,DirectShip|InStorePickup|Delivery,,,,,
,,,,,,,,,,,,,PC_146-2,PC_146,umbrella418,,,,en-US,TRUE,0,0,USD,Configurable,2,2,3,TRUE,AllowBackOrder,M,red,100,1,1,1,1,in,in,in,lbs,FALSE,FALSE,DirectShip|InStorePickup|Delivery,,,,,
,,,,,,,,,,,,,PC_146-3,PC_146,umbrella419,,,,en-US,TRUE,0,0,USD,Configurable,2,2,3,TRUE,AllowBackOrder,S,red,100,1,1,1,1,in,in,in,lbs,FALSE,FALSE,DirectShip|InStorePickup|Delivery,,,,,
,,,,,,,,,,,,,PC_146-4,PC_146,umbrella420,,,,en-US,TRUE,0,0,USD,Configurable,2,2,3,TRUE,AllowBackOrder,L,black,100,1,1,1,1,in,in,in,lbs,FALSE,FALSE,DirectShip|InStorePickup|Delivery,,,,,
,,,,,,,,,,,,,PC_146-5,PC_146,umbrella421,,,,en-US,TRUE,0,0,USD,Configurable,2,2,3,TRUE,AllowBackOrder,M,black,100,1,1,1,1,in,in,in,lbs,FALSE,FALSE,DirectShip|InStorePickup|Delivery,,,,,
,,,,,,,,,,,,,PC_146-6,PC_146,umbrella422,,,,en-US,TRUE,0,0,USD,Configurable,2,2,3,TRUE,AllowBackOrder,S,black,100,1,1,1,1,in,in,in,lbs,FALSE,FALSE,DirectShip|InStorePickup|Delivery,,,,,
,,,,,,,,,,,,,PC_146-7,PC_146,umbrella423,,,,en-US,TRUE,0,0,USD,Configurable,2,2,3,TRUE,AllowBackOrder,L,white,100,1,1,1,1,in,in,in,lbs,FALSE,FALSE,DirectShip|InStorePickup|Delivery,,,,,
,,,,,,,,,,,,,PC_146-8,PC_146,umbrella424,,,,en-US,TRUE,0,0,USD,Configurable,2,2,3,TRUE,AllowBackOrder,M,white,100,1,1,1,1,in,in,in,lbs,FALSE,FALSE,DirectShip|InStorePickup|Delivery,,,,,
,SIZE,SIZE,size_1,List,String,TRUE,FALSE,"L,M,S",TRUE,Book8,Configurable,,PC_147,,umbrella425,RUBBER,Useful Short Product,UsefulLong Description,en-US,TRUE,100,100,USD,Configurable,2,2,3,TRUE,AllowBackOrder,,,,1,1,1,1,in,in,in,lbs,TRUE,TRUE,DirectShip|InStorePickup|Delivery,4.5,Rubber-elastic,RUBBER,Rubber-elastic,Live
,,,,,,,,,,,,,PC_147-1,PC_147,umbrella426,,,,en-US,TRUE,0,0,USD,Configurable,2,2,3,TRUE,AllowBackOrder,L,red,100,1,1,1,1,in,in,in,lbs,FALSE,FALSE,DirectShip|InStorePickup|Delivery,,,,,
,,,,,,,,,,,,,PC_147-2,PC_147,umbrella427,,,,en-US,TRUE,0,0,USD,Configurable,2,2,3,TRUE,AllowBackOrder,M,red,100,1,1,1,1,in,in,in,lbs,FALSE,FALSE,DirectShip|InStorePickup|Delivery,,,,,
,,,,,,,,,,,,,PC_147-3,PC_147,umbrella428,,,,en-US,TRUE,0,0,USD,Configurable,2,2,3,TRUE,AllowBackOrder,S,red,100,1,1,1,1,in,in,in,lbs,FALSE,FALSE,DirectShip|InStorePickup|Delivery,,,,,
,,,,,,,,,,,,,PC_147-4,PC_147,umbrella429,,,,en-US,TRUE,0,0,USD,Configurable,2,2,3,TRUE,AllowBackOrder,L,black,100,1,1,1,1,in,in,in,lbs,FALSE,FALSE,DirectShip|InStorePickup|Delivery,,,,,
,,,,,,,,,,,,,PC_147-5,PC_147,umbrella430,,,,en-US,TRUE,0,0,USD,Configurable,2,2,3,TRUE,AllowBackOrder,M,black,100,1,1,1,1,in,in,in,lbs,FALSE,FALSE,DirectShip|InStorePickup|Delivery,,,,,
,,,,,,,,,,,,,PC_147-6,PC_147,umbrella431,,,,en-US,TRUE,0,0,USD,Configurable,2,2,3,TRUE,AllowBackOrder,S,black,100,1,1,1,1,in,in,in,lbs,FALSE,FALSE,DirectShip|InStorePickup|Delivery,,,,,
,,,,,,,,,,,,,PC_147-7,PC_147,umbrella432,,,,en-US,TRUE,0,0,USD,Configurable,2,2,3,TRUE,AllowBackOrder,L,white,100,1,1,1,1,in,in,in,lbs,FALSE,FALSE,DirectShip|InStorePickup|Delivery,,,,,
,,,,,,,,,,,,,PC_147-8,PC_147,umbrella433,,,,en-US,TRUE,0,0,USD,Configurable,2,2,3,TRUE,AllowBackOrder,M,white,100,1,1,1,1,in,in,in,lbs,FALSE,FALSE,DirectShip|InStorePickup|Delivery,,,,,
,SIZE,SIZE,size_1,List,String,TRUE,FALSE,"L,M,S",TRUE,Book9,Configurable,,PC_148,,umbrella434,RUBBER,Useful Short Product,UsefulLong Description,en-US,TRUE,100,100,USD,Configurable,2,2,3,TRUE,AllowBackOrder,,,,1,1,1,1,in,in,in,lbs,TRUE,TRUE,DirectShip|InStorePickup|Delivery,4.5,Rubber-elastic,RUBBER,Rubber-elastic,Live
,,,,,,,,,,,,,PC_148-1,PC_148,umbrella435,,,,en-US,TRUE,0,0,USD,Configurable,2,2,3,TRUE,AllowBackOrder,L,red,100,1,1,1,1,in,in,in,lbs,FALSE,FALSE,DirectShip|InStorePickup|Delivery,,,,,
,,,,,,,,,,,,,PC_148-2,PC_148,umbrella436,,,,en-US,TRUE,0,0,USD,Configurable,2,2,3,TRUE,AllowBackOrder,M,red,100,1,1,1,1,in,in,in,lbs,FALSE,FALSE,DirectShip|InStorePickup|Delivery,,,,,
,,,,,,,,,,,,,PC_148-3,PC_148,umbrella437,,,,en-US,TRUE,0,0,USD,Configurable,2,2,3,TRUE,AllowBackOrder,S,red,100,1,1,1,1,in,in,in,lbs,FALSE,FALSE,DirectShip|InStorePickup|Delivery,,,,,
,,,,,,,,,,,,,PC_148-4,PC_148,umbrella438,,,,en-US,TRUE,0,0,USD,Configurable,2,2,3,TRUE,AllowBackOrder,L,black,100,1,1,1,1,in,in,in,lbs,FALSE,FALSE,DirectShip|InStorePickup|Delivery,,,,,
,,,,,,,,,,,,,PC_148-5,PC_148,umbrella439,,,,en-US,TRUE,0,0,USD,Configurable,2,2,3,TRUE,AllowBackOrder,M,black,100,1,1,1,1,in,in,in,lbs,FALSE,FALSE,DirectShip|InStorePickup|Delivery,,,,,
,,,,,,,,,,,,,PC_148-6,PC_148,umbrella440,,,,en-US,TRUE,0,0,USD,Configurable,2,2,3,TRUE,AllowBackOrder,S,black,100,1,1,1,1,in,in,in,lbs,FALSE,FALSE,DirectShip|InStorePickup|Delivery,,,,,
,,,,,,,,,,,,,PC_148-7,PC_148,umbrella441,,,,en-US,TRUE,0,0,USD,Configurable,2,2,3,TRUE,AllowBackOrder,L,white,100,1,1,1,1,in,in,in,lbs,FALSE,FALSE,DirectShip|InStorePickup|Delivery,,,,,
,,,,,,,,,,,,,PC_148-8,PC_148,umbrella442,,,,en-US,TRUE,0,0,USD,Configurable,2,2,3,TRUE,AllowBackOrder,M,white,100,1,1,1,1,in,in,in,lbs,FALSE,FALSE,DirectShip|InStorePickup|Delivery,,,,,
,SIZE,SIZE,size_1,List,String,TRUE,FALSE,"L,M,S",TRUE,Book10,Configurable,,PC_149,,umbrella443,RUBBER,Useful Short Product,UsefulLong Description,en-US,TRUE,100,100,USD,Configurable,2,2,3,TRUE,AllowBackOrder,,,,1,1,1,1,in,in,in,lbs,TRUE,TRUE,DirectShip|InStorePickup|Delivery,4.5,Rubber-elastic,RUBBER,Rubber-elastic,Live
,,,,,,,,,,,,,PC_149-1,PC_149,umbrella444,,,,en-US,TRUE,0,0,USD,Configurable,2,2,3,TRUE,AllowBackOrder,L,red,100,1,1,1,1,in,in,in,lbs,FALSE,FALSE,DirectShip|InStorePickup|Delivery,,,,,
,,,,,,,,,,,,,PC_149-2,PC_149,umbrella445,,,,en-US,TRUE,0,0,USD,Configurable,2,2,3,TRUE,AllowBackOrder,M,red,100,1,1,1,1,in,in,in,lbs,FALSE,FALSE,DirectShip|InStorePickup|Delivery,,,,,
,,,,,,,,,,,,,PC_149-3,PC_149,umbrella446,,,,en-US,TRUE,0,0,USD,Configurable,2,2,3,TRUE,AllowBackOrder,S,red,100,1,1,1,1,in,in,in,lbs,FALSE,FALSE,DirectShip|InStorePickup|Delivery,,,,,
,,,,,,,,,,,,,PC_149-4,PC_149,umbrella447,,,,en-US,TRUE,0,0,USD,Configurable,2,2,3,TRUE,AllowBackOrder,L,black,100,1,1,1,1,in,in,in,lbs,FALSE,FALSE,DirectShip|InStorePickup|Delivery,,,,,
,,,,,,,,,,,,,PC_149-5,PC_149,umbrella448,,,,en-US,TRUE,0,0,USD,Configurable,2,2,3,TRUE,AllowBackOrder,M,black,100,1,1,1,1,in,in,in,lbs,FALSE,FALSE,DirectShip|InStorePickup|Delivery,,,,,
,,,,,,,,,,,,,PC_149-6,PC_149,umbrella449,,,,en-US,TRUE,0,0,USD,Configurable,2,2,3,TRUE,AllowBackOrder,S,black,100,1,1,1,1,in,in,in,lbs,FALSE,FALSE,DirectShip|InStorePickup|Delivery,,,,,
,,,,,,,,,,,,,PC_149-7,PC_149,umbrella450,,,,en-US,TRUE,0,0,USD,Configurable,2,2,3,TRUE,AllowBackOrder,L,white,100,1,1,1,1,in,in,in,lbs,FALSE,FALSE,DirectShip|InStorePickup|Delivery,,,,,
,,,,,,,,,,,,,PC_149-8,PC_149,umbrella451,,,,en-US,TRUE,0,0,USD,Configurable,2,2,3,TRUE,AllowBackOrder,M,white,100,1,1,1,1,in,in,in,lbs,FALSE,FALSE,DirectShip|InStorePickup|Delivery,,,,,
